Row,Distance_Cook,Outlier_Cook,Outlier
1,0.0011307665607972475,0,0
2,0.0013890630814448273,0,0
3,0.009580637965248353,0,0
4,0.007095235611957444,0,0
5,2.4220671361510675e-4,0,0
6,0.0034169627180313813,0,0
7,0.0013928969962236257,0,0
8,0.008881005537394767,0,0
9,0.0067821694717562575,0,0
10,0.0077784165739589895,0,0
11,0.0021915878388329957,0,0
12,0.00319547584230302,0,0
13,0.0014085956166008044,0,0
14,8.406959788718737e-4,0,0
15,0.0012175151367518464,0,0
16,3.2222531720569095e-5,0,0
17,0.0010505171506353596,0,0
18,9.580504049044487e-4,0,0
19,6.489670314373579e-4,0,0
20,1.0896467439258721e-5,0,0
21,0.009056661571715741,0,0
22,0.007057432416647273,0,0
23,6.19161700252855e-5,0,0
24,3.9495916757943726e-4,0,0
25,7.016664481935434e-5,0,0
26,0.0010636091970972037,0,0
27,1.0757347693333696e-4,0,0
28,0.0036582287218341774,0,0
29,0.0017653536127269034,0,0
30,0.0024953141867155456,0,0
31,7.154860057922035e-4,0,0
32,1.710878996073137e-4,0,0
33,3.2726005655204105e-4,0,0
34,3.0786490679305317e-4,0,0
35,0.002562721379300534,0,0
36,5.580108003592348e-4,0,0
37,1.1062886086032306e-4,0,0
38,2.469382026052555e-4,0,0
39,3.9653370036872517e-05,0,0
40,1.0076785898097682e-5,0,0
41,0.002085583238769143,0,0
42,1.1164794442475338e-4,0,0
43,0.0061251472575575925,0,0
44,0.001391071550680068,0,0
45,0.0019446731789811013,0,0
46,5.1357926501083674e-5,0,0
47,0.0014176491487111506,0,0
48,3.9457398499608064e-4,0,0
49,2.3541323094080753e-8,0,0
50,1.8622273348428505e-4,0,0
51,2.5757076312321172e-5,0,0
52,5.674319478379465e-6,0,0
53,1.687974276573658e-4,0,0
54,4.389333066136189e-5,0,0
55,6.534138185468532e-5,0,0
56,9.574304717156198e-6,0,0
57,0.002805036628807981,0,0
58,9.518558510838571e-5,0,0
59,0.0012549951313417158,0,0
60,3.1198337272772314e-5,0,0
61,2.0816531579192757e-6,0,0
62,0.0015320235117994097,0,0
63,1.7322653462984458e-4,0,0
64,4.2631504164251943e-4,0,0
65,3.329940935506978e-4,0,0
66,5.0139643000492093e-5,0,0
67,0.0015236044319452862,0,0
68,3.206165659049915e-5,0,0
69,1.1320464570836976e-4,0,0
70,1.0821456265516344e-5,0,0
71,1.3665400395867617e-5,0,0
72,1.0462507894733085e-4,0,0
73,3.4962544185618765e-4,0,0
74,1.4315958363154488e-4,0,0
75,0.0013040411731989204,0,0
76,3.5030765151060166e-4,0,0
77,5.005337746711433e-4,0,0
78,0.0013472695777602638,0,0
79,2.073913161746589e-4,0,0
80,0.0011537288925086877,0,0
81,5.445022678161952e-4,0,0
82,1.7143825538987008e-4,0,0
83,0.001568282455307116,0,0
84,8.269175103658589e-4,0,0
85,1.4382181089183063e-4,0,0
86,2.8521300419053814e-4,0,0
87,0.003782408945270147,0,0
88,3.6433118484897886e-4,0,0
89,4.0939281381563994e-4,0,0
90,0.0019487850116762643,0,0
91,4.969668857999716e-4,0,0
92,1.2390958729430667e-4,0,0
93,3.686938616323407e-5,0,0
94,3.748524881179201e-4,0,0
95,3.732171441501023e-4,0,0
96,0.003711031881028317,0,0
97,3.081283146529271e-4,0,0
98,2.9284260862480027e-4,0,0
99,3.789485205873353e-4,0,0
100,0.005655034848559958,0,0
101,5.824409749533268e-4,0,0
102,9.644701109468278e-4,0,0
103,4.054406667262939e-4,0,0
104,0.003881971546124379,0,0
105,5.450567681469456e-4,0,0
106,5.824409749533268e-4,0,0
107,0.003623879010744895,0,0
108,5.824409749533268e-4,0,0
109,0.004346479243237948,0,0
110,0.0022247213623626384,0,0
111,1.5818171068743858e-4,0,0
112,4.4689309441063314e-4,0,0
113,1.55998250983892e-4,0,0
114,0.0048474801573979084,0,0
115,0.0031534411201078897,0,0
116,0.004301590555645717,0,0
117,0.004494931031081192,0,0
118,0.0013563736392060504,0,0
119,0.0014011371608038856,0,0
120,0.0021024321759928522,0,0
121,1.5271854923204272e-4,0,0
122,3.165330329494011e-4,0,0
123,0.0048474801573979084,0,0
124,0.0010057225393903548,0,0
125,0.0021461590671395577,0,0
126,0.001759480886554828,0,0
127,0.0031800768306160464,0,0
128,3.5082804086172565e-5,0,0
129,7.36885312756247e-4,0,0
130,3.7345540934523064e-4,0,0
131,1.446568812697823e-4,0,0
132,0.001764802973781753,0,0
133,0.0013407637367876392,0,0
134,7.36885312756247e-4,0,0
135,5.428590875169107e-4,0,0
136,0.0020558407163332416,0,0
137,6.761393352268635e-4,0,0
138,0.0018717893052555745,0,0
139,1.0035256045148208e-9,0,0
140,0.003210971065140209,0,0
141,3.5076485061102876e-4,0,0
142,0.001150814129713665,0,0
143,3.3704215003798686e-7,0,0
144,2.9676095517241016e-4,0,0
145,0.0015269570526899087,0,0
146,0.0018447442108050335,0,0
147,0.002530745395209604,0,0
148,0.001743202569810896,0,0
149,7.30720463871402e-4,0,0
150,6.532878636873441e-4,0,0
151,0.0014597629224272683,0,0
152,2.111718847064004e-4,0,0
153,5.912438874376887e-4,0,0
154,2.753640625755608e-4,0,0
155,1.3874713741548428e-4,0,0
156,0.0016687084602376428,0,0
157,4.4232610633707174e-4,0,0
158,1.1453484681548732e-4,0,0
159,0.00197792535416777,0,0
160,6.705783752634513e-4,0,0
161,4.767494391539489e-4,0,0
162,4.1393567765520516e-4,0,0
163,6.239443371099681e-4,0,0
164,0.0010286380271647445,0,0
165,0.0015292314811412287,0,0
166,0.0033799123851538816,0,0
167,3.625229733468491e-4,0,0
168,1.0565508573317492e-4,0,0
169,1.6223499920378305e-5,0,0
170,7.877803407849273e-4,0,0
171,2.3197198304956295e-4,0,0
172,1.1453484681548732e-4,0,0
173,0.001575072599998022,0,0
174,2.365881609564586e-5,0,0
175,5.125002261395924e-4,0,0
176,0.001283335749817505,0,0
177,5.392686337861095e-6,0,0
178,0.0018076831882090898,0,0
179,0.002530745395209604,0,0
180,6.163124453497718e-5,0,0
181,0.002530745395209604,0,0
182,0.0031417623771702314,0,0
183,0.003210971065140209,0,0
184,0.0010322126187403654,0,0
185,1.107773497242035e-5,0,0
186,0.0019076980001222431,0,0
187,5.776832142477058e-4,0,0
188,0.0018039811815478862,0,0
189,0.0011984240544450698,0,0
190,1.307771598845902e-4,0,0
191,2.967548538399244e-4,0,0
192,1.5852301992841023e-4,0,0
193,2.0910466170621952e-5,0,0
194,5.199782164684035e-4,0,0
195,0.001011535332149766,0,0
196,3.020990956391068e-4,0,0
197,1.0818273053910075e-4,0,0
198,5.495159585466338e-5,0,0
199,8.442626942395163e-4,0,0
200,5.103136108253125e-6,0,0
201,5.1407964600382065e-6,0,0
202,1.8678741633312032e-4,0,0
203,8.223763647142201e-4,0,0
204,5.238847165707757e-6,0,0
205,3.010902488291323e-7,0,0
206,4.085877197205926e-4,0,0
207,1.089177968678012e-5,0,0
208,1.420547087691915e-6,0,0
209,4.969722559295409e-5,0,0
210,1.1453484681548732e-4,0,0
211,0.0021710498708786873,0,0
212,3.6851277893211e-5,0,0
213,8.333498248819083e-5,0,0
214,0.0010793220502896643,0,0
215,0.0013033477979058215,0,0
216,2.216872957675959e-4,0,0
217,3.701985149171959e-4,0,0
218,2.486277856238907e-4,0,0
219,2.827204091514386e-4,0,0
220,1.939157036731404e-4,0,0
221,3.824340761961363e-4,0,0
222,0.0024705030281617093,0,0
223,2.609244828550988e-4,0,0
224,1.6806347359945724e-4,0,0
225,0.005129533682172607,0,0
226,3.701985149171959e-4,0,0
227,4.828244549012802e-5,0,0
228,0.0013033477979058215,0,0
229,1.1975151161632404e-4,0,0
230,0.0013779653298855502,0,0
231,0.0011482119874610124,0,0
232,0.0013033477979058215,0,0
233,5.830240539969768e-4,0,0
234,6.761393352268635e-4,0,0
235,0.0013839390850548794,0,0
236,2.9350737035449266e-4,0,0
237,1.611364679612244e-6,0,0
238,0.009646026086981861,0,0
239,3.295299560354066e-6,0,0
240,8.769626284634832e-7,0,0
241,5.659340827843098e-4,0,0
242,5.924146054884491e-5,0,0
243,2.1817100843556113e-7,0,0
244,1.0703282493295514e-4,0,0
245,6.548965417790386e-4,0,0
246,2.9515621275538225e-4,0,0
247,3.132183706226755e-6,0,0
248,3.846681748520433e-5,0,0
249,1.0561480026204283e-4,0,0
250,3.815320384396863e-4,0,0
251,0.001242788228736045,0,0
252,4.2214866709665875e-5,0,0
253,7.771328755233839e-4,0,0
254,6.313016568130992e-4,0,0
255,1.2609109043539439e-4,0,0
256,5.659340827843098e-4,0,0
257,1.5995448479303557e-4,0,0
258,5.619141286469045e-8,0,0
259,3.674667193151248e-5,0,0
260,0.0033005688887280077,0,0
261,2.799445298056069e-4,0,0
262,1.2367164455374062e-4,0,0
263,1.3885767509116623e-6,0,0
264,1.399653252085605e-4,0,0
265,4.4335440102130283e-4,0,0
266,5.824907184172322e-6,0,0
267,1.5446361814349512e-5,0,0
268,3.3178227958929174e-4,0,0
269,0.003428692475711676,0,0
270,4.4335440102130283e-4,0,0
271,1.7089926465387422e-4,0,0
272,2.297762472998907e-4,0,0
273,0.001216169600112106,0,0
274,0.001052856464133154,0,0
275,3.0288456701716267e-4,0,0
276,0.0011607060601755354,0,0
277,1.3637855611386626e-4,0,0
278,3.1811882257948596e-4,0,0
279,1.9150094154556555e-4,0,0
280,0.0017110510791805147,0,0
281,6.578368781877111e-5,0,0
282,4.1274114996924465e-4,0,0
283,9.669487075901773e-4,0,0
284,3.1811882257948596e-4,0,0
285,4.1274114996924465e-4,0,0
286,3.5102950076373716e-4,0,0
287,2.2475044710609966e-4,0,0
288,3.108427407931842e-5,0,0
289,3.167997403541658e-5,0,0
290,1.4658411617801144e-4,0,0
291,1.0826024086029214e-4,0,0
292,6.937317746945825e-4,0,0
293,1.9109617487259983e-4,0,0
294,1.2776533906636508e-4,0,0
295,6.156528892556086e-5,0,0
296,2.0155333115476638e-4,0,0
297,1.264715285353576e-4,0,0
298,3.750487327929847e-5,0,0
299,3.324484568216468e-4,0,0
300,5.2698860420086644e-06,0,0
301,6.060395257620652e-4,0,0
302,2.5793451231666003e-6,0,0
303,5.2698860420086644e-06,0,0
304,3.07906961758273e-4,0,0
305,5.924146054884491e-5,0,0
306,2.1658476501981976e-6,0,0
307,2.5793451231666003e-6,0,0
308,2.731618200409351e-4,0,0
309,3.268494414284323e-5,0,0
310,1.470405240008918e-4,0,0
311,5.2698860420086644e-06,0,0
312,2.488190268225023e-5,0,0
313,2.7882922895671592e-5,0,0
314,6.731198554124436e-4,0,0
315,3.063021325290732e-5,0,0
316,1.4827188582772544e-4,0,0
317,2.8047728304107355e-4,0,0
318,1.3466286258665326e-5,0,0
319,7.082351891001187e-5,0,0
320,5.7273271191757024e-5,0,0
321,2.0558790250555463e-4,0,0
322,0.001974030200728326,0,0
323,2.1817100843556113e-7,0,0
324,7.223395922265646e-4,0,0
325,0.001261049131206388,0,0
326,2.9336433506622916e-4,0,0
327,4.2214866709665875e-5,0,0
328,7.327007113816709e-5,0,0
329,1.9376950774687695e-4,0,0
330,4.908741948132356e-4,0,0
331,9.285298098838748e-5,0,0
332,5.220377970529927e-4,0,0
333,5.96839678232519e-4,0,0
334,1.5089563092263728e-4,0,0
335,1.0120646889330681e-4,0,0
336,2.054029782193885e-4,0,0
337,1.0574496055312263e-4,0,0
338,6.870707348628099e-9,0,0
339,9.285298098838748e-5,0,0
340,2.9657070909815794e-6,0,0
341,0.0013460596937286118,0,0
342,7.36383842264686e-5,0,0
343,3.849825953987224e-4,0,0
344,3.514870768005967e-6,0,0
345,7.962991081431519e-4,0,0
346,3.754598220879725e-4,0,0
347,3.0266520279925106e-4,0,0
348,1.1493695148580606e-4,0,0
349,1.2271676827554196e-5,0,0
350,1.9929952640145504e-4,0,0
351,1.754963619058192e-4,0,0
352,4.701365307225289e-4,0,0
353,8.242365103947916e-5,0,0
354,0.003282769724564636,0,0
355,3.063021325290732e-5,0,0
356,3.5102950076373716e-4,0,0
357,4.575701846317426e-4,0,0
358,5.363311500136758e-4,0,0
359,1.5446361814349512e-5,0,0
360,4.908741948132356e-4,0,0
361,0.002330998287458885,0,0
362,0.0010729336386500906,0,0
363,5.39380534119421e-4,0,0
364,6.452163567546081e-5,0,0
365,0.0012224976470390128,0,0
366,1.1619853166435905e-4,0,0
367,1.1631048855921435e-4,0,0
368,3.897727143055475e-4,0,0
369,5.46568923691785e-4,0,0
370,3.452790516933822e-5,0,0
371,0.007053186360475417,0,0
372,0.0031889892234055572,0,0
373,7.465463318410987e-4,0,0
374,2.0111720667091728e-4,0,0
375,4.957926321582957e-4,0,0
376,0.0023019436411846014,0,0
377,4.08041764445669e-4,0,0
378,2.297762472998907e-4,0,0
379,1.9678207850044608e-4,0,0
380,1.4495434205237143e-6,0,0
381,5.85007764446949e-5,0,0
382,2.504603213491114e-6,0,0
383,7.254056497213553e-5,0,0
384,8.98856320766491e-5,0,0
385,6.4897473063092875e-6,0,0
386,7.861261448223341e-4,0,0
387,6.810602164552618e-6,0,0
388,1.785947926359171e-5,0,0
389,4.5365816053534604e-4,0,0
390,7.992864143391129e-5,0,0
391,1.3706952638295489e-5,0,0
392,5.280899750409643e-5,0,0
393,4.890609171319647e-4,0,0
394,4.0175984794459075e-4,0,0
395,2.8406411293829486e-6,0,0
396,3.5516051879777404e-4,0,0
397,2.019517646219758e-4,0,0
398,0.003376185254158933,0,0
399,1.1813484171367679e-4,0,0
400,7.444279958256603e-4,0,0
401,3.052458888623734e-5,0,0
402,1.3096994648084106e-4,0,0
403,2.505495063704508e-4,0,0
404,1.1439667356005886e-4,0,0
405,5.14591924617732e-4,0,0
406,2.019517646219758e-4,0,0
407,3.503865907637676e-6,0,0
408,1.6643753313159003e-4,0,0
409,1.6215539705200372e-4,0,0
410,3.0983838603268198e-6,0,0
411,2.101955305672343e-5,0,0
412,7.801727579040783e-4,0,0
413,9.151340767884027e-4,0,0
414,0.0012996751857101572,0,0
415,8.055928725878494e-5,0,0
416,2.5180413455402927e-4,0,0
417,1.2348459754104557e-4,0,0
418,1.7807121749707234e-5,0,0
419,6.846367562866884e-6,0,0
420,1.0491798195343154e-4,0,0
421,1.3873972857849363e-4,0,0
422,5.957851674219276e-4,0,0
423,5.280899750409643e-5,0,0
424,9.8878600715403e-4,0,0
425,2.0291491022762065e-4,0,0
426,7.992864143391129e-5,0,0
427,5.103091663565908e-5,0,0
428,3.2500509503966214e-8,0,0
429,1.9209523463891036e-4,0,0
430,5.069948818770178e-4,0,0
431,5.781909896052639e-4,0,0
432,3.23611366677788e-4,0,0
433,0.006352532344976286,0,0
434,0.0022868816475156814,0,0
435,2.7527568849972735e-7,0,0
436,4.0718555030466586e-5,0,0
437,1.71143215216721e-4,0,0
438,3.23611366677788e-4,0,0
439,2.9907941964072234e-5,0,0
440,1.4433909097979437e-5,0,0
441,5.296204314575227e-5,0,0
442,3.292496939697724e-9,0,0
443,8.297943664941937e-7,0,0
444,6.230573628664463e-4,0,0
445,8.069677534150674e-5,0,0
446,5.172792711185798e-6,0,0
447,1.9720901586058252e-4,0,0
448,0.002257635358719955,0,0
449,6.044582567479977e-8,0,0
450,2.3950499307334376e-5,0,0
451,2.5173300848260222e-5,0,0
452,0.003397659560644062,0,0
453,3.366384216423308e-7,0,0
454,5.296204314575227e-5,0,0
455,2.7128730184692974e-6,0,0
456,2.9907941964072234e-5,0,0
457,4.942775802199651e-4,0,0
458,2.3992869826394835e-4,0,0
459,1.4495434205237143e-6,0,0
460,4.773483336428201e-7,0,0
461,0.0017103011679922247,0,0
462,9.661052004888712e-7,0,0
463,0.0015323912660911367,0,0
464,4.224942930459765e-4,0,0
465,0.001100466519151687,0,0
466,2.7128730184692974e-6,0,0
467,1.9284154136125925e-4,0,0
468,1.0900571205701987e-6,0,0
469,1.6807611437933255e-4,0,0
470,8.055928725878494e-5,0,0
471,2.7107975468528828e-5,0,0
472,2.3855939383326556e-4,0,0
473,8.556882480845205e-5,0,0
474,1.8771637499681012e-05,0,0
475,9.151340767884027e-4,0,0
476,3.5448960224452373e-6,0,0
477,6.753590979705227e-4,0,0
478,8.217852239983903e-5,0,0
479,7.042243338478113e-4,0,0
480,3.0795721715776354e-4,0,0
481,5.089920992855612e-4,0,0
482,5.073917137634115e-4,0,0
483,1.9602904931146915e-4,0,0
484,2.9907941964072234e-5,0,0
485,0.0037499476198760598,0,0
486,7.444279958256603e-4,0,0
487,2.9907941964072234e-5,0,0
488,2.9907941964072234e-5,0,0
489,1.9602904931146915e-4,0,0
490,4.5407628757250306e-4,0,0
491,0.0021886446078629614,0,0
492,3.772547522652444e-4,0,0
493,1.593597149579529e-4,0,0
494,2.42982481293247e-4,0,0
495,4.564306238359497e-4,0,0
496,3.2500509503966214e-8,0,0
497,7.9152636810674685e-05,0,0
498,7.757483841722103e-5,0,0
499,2.1985475145521876e-4,0,0
500,2.087622453965481e-4,0,0
501,0.0018108868003874322,0,0
502,1.5957303143084383e-4,0,0
503,0.0022868816475156814,0,0
504,7.732559605589486e-5,0,0
505,1.2133077070282267e-5,0,0
506,2.102000897126669e-5,0,0
507,2.787764016683124e-5,0,0
508,4.2734759364004166e-5,0,0
509,2.9907941964072234e-5,0,0
510,5.547415420007622e-4,0,0
511,1.915620093725617e-5,0,0
512,2.03193118357603e-4,0,0
513,0.001038830738402552,0,0
514,2.3724427742361928e-5,0,0
515,0.002434568813645481,0,0
516,0.0021886446078629614,0,0
517,5.1587551280097925e-5,0,0
518,6.434998935849067e-4,0,0
519,5.60626759183666e-4,0,0
520,9.300655368012488e-5,0,0
521,7.480396212045795e-6,0,0
522,0.002408264871760521,0,0
523,1.800941227899301e-4,0,0
524,9.657589593979748e-5,0,0
525,9.993893775057322e-4,0,0
526,3.585331721877319e-4,0,0
527,0.0013259764538274916,0,0
528,1.1657253789247479e-4,0,0
529,1.3316585624093923e-7,0,0
530,0.007908542928640527,0,0
531,2.4249766200843003e-4,0,0
532,1.3237998817886392e-4,0,0
533,3.9508043041857233e-4,0,0
534,8.865893356578124e-5,0,0
535,2.1173387025461043e-4,0,0
536,1.0689933662328366e-5,0,0
537,7.757483841722103e-5,0,0
538,3.857811655106313e-4,0,0
539,1.4747545893804904e-4,0,0
540,0.00199909021571661,0,0
541,1.400211533488616e-4,0,0
542,1.9609987821336456e-4,0,0
543,2.555599282240259e-4,0,0
544,9.265647778336495e-4,0,0
545,1.5456598512699374e-4,0,0
546,5.25996593132303e-4,0,0
547,5.14892340002413e-4,0,0
548,9.007910756508855e-4,0,0
549,3.728895394732888e-6,0,0
550,2.38503214220346e-6,0,0
551,5.587281204464925e-4,0,0
552,4.6560945633648177e-5,0,0
553,1.2829340358089014e-4,0,0
554,3.50492166051315e-4,0,0
555,1.1357531083077446e-4,0,0
556,1.1475100687304061e-5,0,0
557,6.99356917224644e-5,0,0
558,0.0011339977138064671,0,0
559,1.1825529709748027e-7,0,0
560,1.325672292763298e-5,0,0
561,1.4619719215014632e-5,0,0
562,2.889323621070209e-4,0,0
563,4.162530200320896e-5,0,0
564,9.296553225959502e-5,0,0
565,2.771307469234512e-4,0,0
566,4.010482748378102e-5,0,0
567,3.602482902858193e-4,0,0
568,4.004005281285776e-4,0,0
569,6.808312879992189e-5,0,0
570,1.411792338003486e-5,0,0
571,1.441264239503132e-4,0,0
572,3.6501165743748574e-4,0,0
573,2.670602539539836e-4,0,0
574,6.79177344795316e-4,0,0
575,3.8387280161161296e-5,0,0
576,7.335552990327464e-5,0,0
577,1.9609987821336456e-4,0,0
578,3.733412380921925e-4,0,0
579,9.665177192376859e-4,0,0
580,9.265647778336495e-4,0,0
581,7.296138939330782e-4,0,0
582,5.497497441394266e-6,0,0
583,1.1967716891467612e-6,0,0
584,1.2530180453091589e-5,0,0
585,2.0324880420120272e-5,0,0
586,1.7054367627218858e-5,0,0
587,3.3725583343160606e-6,0,0
588,4.222020112333948e-4,0,0
589,2.832222300355224e-5,0,0
590,5.635943684386523e-5,0,0
591,3.625351394705815e-5,0,0
592,4.4905619868761594e-7,0,0
593,4.03007183551345e-5,0,0
594,7.078599545988885e-4,0,0
595,8.911331849373396e-8,0,0
596,2.440236704323824e-9,0,0
597,2.615542032559634e-4,0,0
598,8.325179839948344e-5,0,0
599,4.458787966659293e-4,0,0
600,6.518140394982723e-4,0,0
601,2.5947689629791065e-5,0,0
602,1.9066807249800766e-4,0,0
603,1.3571583204232606e-5,0,0
604,3.1202635879704267e-4,0,0
605,3.654215745349472e-5,0,0
606,2.3559332396629837e-4,0,0
607,9.603432150629072e-5,0,0
608,8.456311602382232e-4,0,0
609,8.296380964158164e-5,0,0
610,8.467929903428137e-4,0,0
611,1.1825529709748027e-7,0,0
612,1.170594455341931e-4,0,0
613,3.602482902858193e-4,0,0
614,4.948656657919629e-6,0,0
615,3.602482902858193e-4,0,0
616,6.903259581476642e-4,0,0
617,2.771307469234512e-4,0,0
618,1.7054367627218858e-5,0,0
619,7.875077583044859e-6,0,0
620,6.640123099534658e-4,0,0
621,5.752893798598098e-5,0,0
622,3.1019200807714085e-6,0,0
623,4.0089682215200514e-4,0,0
624,7.944410231860316e-5,0,0
625,1.055530849217746e-4,0,0
626,1.055530849217746e-4,0,0
627,8.284354489939163e-6,0,0
628,3.602482902858193e-4,0,0
629,8.047999845897614e-6,0,0
630,3.602482902858193e-4,0,0
631,0.002547425061249221,0,0
632,0.002570689490551856,0,0
633,4.970734876159982e-6,0,0
634,8.947640004585436e-5,0,0
635,1.3847707044736162e-4,0,0
636,3.625351394705815e-5,0,0
637,4.435127284704941e-4,0,0
638,5.201247374310927e-5,0,0
639,6.776593995300992e-4,0,0
640,8.196878730329721e-6,0,0
641,9.172996176985484e-5,0,0
642,2.749645106776768e-4,0,0
643,0.0012646109009864083,0,0
644,1.8716041421865768e-4,0,0
645,6.99356917224644e-5,0,0
646,6.776593995300992e-4,0,0
647,3.0699324440661466e-7,0,0
648,7.078599545988885e-4,0,0
649,1.8539298222605725e-5,0,0
650,1.3516390666529237e-4,0,0
651,2.5465743316291616e-4,0,0
652,0.0034902283779726074,0,0
653,1.6501312566407278e-4,0,0
654,1.965157020326372e-4,0,0
655,3.354671726470886e-6,0,0
656,9.265647778336495e-4,0,0
657,3.625351394705815e-5,0,0
658,1.0219311384317024e-4,0,0
659,3.183049727811401e-4,0,0
660,9.265647778336495e-4,0,0
661,8.325179839948344e-5,0,0
662,5.14892340002413e-4,0,0
663,0.001839532093720685,0,0
664,1.2829340358089014e-4,0,0
665,0.002205201219834823,0,0
666,3.602482902858193e-4,0,0
667,4.537446706407639e-4,0,0
668,8.947640004585436e-5,0,0
669,3.289819286406174e-5,0,0
670,1.1825529709748027e-7,0,0
671,1.1475100687304061e-5,0,0
672,7.078599545988885e-4,0,0
673,1.965157020326372e-4,0,0
674,0.002193723273112845,0,0
675,9.262637044823137e-6,0,0
676,2.0531895004177928e-5,0,0
677,4.817902336683639e-4,0,0
678,6.377542538984778e-4,0,0
679,5.951081728843781e-5,0,0
680,4.1436135267759424e-4,0,0
681,6.709537991633607e-4,0,0
682,8.3707497231876e-4,0,0
683,1.9066807249800766e-4,0,0
684,5.497497441394266e-6,0,0
685,3.0583494304277e-8,0,0
686,1.6918448273934875e-4,0,0
687,9.508575849017819e-6,0,0
688,3.733412380921925e-4,0,0
689,1.3649496567600779e-5,0,0
690,1.358357259624804e-4,0,0
691,9.822708466583084e-9,0,0
692,7.67208014513194e-6,0,0
693,8.911331849373396e-8,0,0
694,0.002350192701239003,0,0
695,2.1518118705374364e-4,0,0
696,3.3494136106378597e-4,0,0
697,8.744266911950425e-5,0,0
698,4.3759055824298506e-4,0,0
699,6.725958357790973e-6,0,0
700,8.382146906856571e-4,0,0
701,2.3621875695692605e-6,0,0
702,4.455105118173076e-5,0,0
703,1.3698823185270032e-5,0,0
704,2.8670619951592057e-4,0,0
705,4.458787966659293e-4,0,0
706,2.2055663132939448e-6,0,0
707,4.8252895542242485e-4,0,0
708,7.28439720576308e-5,0,0
709,6.776593995300992e-4,0,0
710,0.0036285260973695755,0,0
711,0.0019076176976384385,0,0
712,1.020951308557862e-4,0,0
713,1.0521656272319947e-5,0,0
714,4.878289178208975e-4,0,0
715,7.253893540415287e-5,0,0
716,1.0925537144224741e-4,0,0
717,2.6367452161218173e-5,0,0
718,0.0021937124494731232,0,0
719,0.0017209099311561742,0,0
720,5.14892340002413e-4,0,0
721,1.4389048309981377e-4,0,0
722,4.821939148572485e-6,0,0
723,1.5401760269072103e-8,0,0
724,1.1409412876906164e-4,0,0
725,0.00018625371278476239,0,0
726,9.566426115428663e-7,0,0
727,7.200897265104225e-5,0,0
728,2.1725907581308663e-5,0,0
729,3.3426441194859206e-5,0,0
730,2.0434555323814227e-5,0,0
731,1.8855004345933328e-4,0,0
732,0.002703634862779233,0,0
733,2.0296060823103e-4,0,0
734,4.7551496565361495e-5,0,0
735,4.988996317223166e-4,0,0
736,6.655524035192599e-4,0,0
737,1.5867084017098747e-9,0,0
738,2.1768101100148503e-6,0,0
739,1.4240066114710166e-4,0,0
740,1.8855004345933328e-4,0,0
741,0.0017484102982679205,0,0
742,2.2257873248330526e-4,0,0
743,5.704527395559069e-7,0,0
744,1.4389048309981377e-4,0,0
745,4.5096609837945655e-5,0,0
746,2.0522675963530648e-4,0,0
747,4.0078196738469535e-5,0,0
748,3.151673642532017e-5,0,0
749,5.759277781836076e-6,0,0
750,8.122145153090803e-4,0,0
751,6.520739291158e-7,0,0
752,0.0010794348424832162,0,0
753,0.002081934621344802,0,0
754,3.4629094567081685e-7,0,0
755,1.2525100529780866e-5,0,0
756,4.274353968596428e-5,0,0
757,2.6404614446256126e-5,0,0
758,0.004469434988163783,0,0
759,3.587959093984545e-5,0,0
760,3.285973667731574e-4,0,0
761,2.3648092116290397e-4,0,0
762,4.477647476737259e-5,0,0
763,3.60035729414576e-4,0,0
764,1.4953792452539294e-5,0,0
765,0.00400008997122117,0,0
766,4.251570823858979e-5,0,0
767,0.0014674855394929773,0,0
768,7.233500749129539e-5,0,0
769,3.6229768585007517e-4,0,0
770,2.648695283178446e-4,0,0
771,3.4692258871820683e-4,0,0
772,2.10702503347162e-4,0,0
773,1.2791411589787972e-4,0,0
774,1.431973482030385e-4,0,0
775,0.007101713064072382,0,0
776,7.505854922637025e-5,0,0
777,1.5208531431882455e-5,0,0
778,0.0026044027408493858,0,0
779,3.754898148392392e-5,0,0
780,2.0437894528187194e-5,0,0
781,0.0034662864665010278,0,0
782,0.0010057298390600887,0,0
783,1.3432169135393595e-4,0,0
784,9.740856367384608e-5,0,0
785,1.5664188190102473e-4,0,0
786,3.7403550214996375e-5,0,0
787,1.0960068877456788e-5,0,0
788,4.2005679848270184e-5,0,0
789,1.248526008947967e-5,0,0
790,4.576950328939333e-6,0,0
791,6.496757910810591e-5,0,0
792,1.471835618694552e-4,0,0
793,8.646235646983836e-4,0,0
794,5.251403330351381e-7,0,0
795,4.864478457420001e-6,0,0
796,7.623681330500665e-4,0,0
797,1.2045874854495596e-4,0,0
798,6.147857947906325e-5,0,0
799,1.4522827380438096e-4,0,0
800,2.6983836266122474e-5,0,0
801,5.317591450690551e-4,0,0
802,0.001118740896445267,0,0
803,1.6322031560825166e-4,0,0
804,3.418978133181427e-4,0,0
805,0.002789183901379073,0,0
806,2.8134282571561268e-5,0,0
807,3.166605073926736e-6,0,0
808,0.00123725951477403,0,0
809,4.953373602487422e-5,0,0
810,9.184218547323916e-5,0,0
811,6.704238167662525e-5,0,0
812,0.0024649177597659755,0,0
813,7.964291966292675e-5,0,0
814,3.2247877136777435e-4,0,0
815,2.6637659752526687e-4,0,0
816,4.123074957725822e-5,0,0
817,2.2858839832964054e-5,0,0
818,3.587959093984545e-5,0,0
819,5.704527395559069e-7,0,0
820,4.1207247041988165e-5,0,0
821,7.361773834048712e-5,0,0
822,1.263764885896881e-4,0,0
823,0.0023701635058350702,0,0
824,0.00123725951477403,0,0
825,1.1408580553027397e-4,0,0
826,9.291426752773044e-4,0,0
827,2.64506515705093e-4,0,0
828,0.002703634862779233,0,0
829,5.759277781836076e-6,0,0
830,8.895729524721837e-5,0,0
831,9.009821540378566e-5,0,0
832,1.8638997534711483e-4,0,0
833,7.964291966292675e-5,0,0
834,2.2962181697375503e-4,0,0
835,3.996482483560311e-5,0,0
836,9.883085457988236e-5,0,0
837,2.6584896550048176e-4,0,0
838,3.587959093984545e-5,0,0
839,1.8742393455245833e-4,0,0
840,3.021448702871823e-4,0,0
841,9.593745788487884e-4,0,0
842,0.007274454783918196,0,0
843,0.006047063991884221,0,0
844,4.553570726727331e-4,0,0
845,0.007274454783918196,0,0
846,4.3952069514159283e-4,0,0
847,2.2597820457451795e-5,0,0
848,7.359221727001172e-5,0,0
849,4.906151916746154e-5,0,0
850,0.004740324425416156,0,0
851,3.285973667731574e-4,0,0
852,4.675965653574985e-5,0,0
853,9.11134390104951e-5,0,0
854,9.566426115428663e-7,0,0
855,1.8207995616457384e-4,0,0
856,5.585288264156154e-5,0,0
857,4.5369805115032794e-4,0,0
858,2.4791650414491564e-4,0,0
859,1.1409412876906164e-4,0,0
860,4.1207247041988165e-5,0,0
861,3.0873768653862777e-4,0,0
862,8.270770082443007e-5,0,0
863,1.8322950274054375e-4,0,0
864,2.709408624266926e-5,0,0
865,3.501289209445737e-4,0,0
866,7.964291966292675e-5,0,0
867,3.6119825608368543e-6,0,0
868,1.8766746331991513e-4,0,0
869,8.88492952723125e-5,0,0
870,5.135555236147659e-4,0,0
871,2.582060831310417e-5,0,0
872,1.4723632789767778e-4,0,0
873,3.311445417263592e-5,0,0
874,9.184218547323916e-5,0,0
875,0.0015882633182555071,0,0
876,0.001580123976805694,0,0
877,0.0012187488973544845,0,0
878,1.0379401368280523e-4,0,0
879,7.400129554496155e-6,0,0
880,1.6678600250878826e-5,0,0
881,7.955225576774007e-6,0,0
882,0.0034662864665010278,0,0
883,4.106957410684904e-5,0,0
884,0.0023701635058350702,0,0
885,1.1444275109256527e-6,0,0
886,5.808919591771751e-6,0,0
887,1.1657412954805798e-4,0,0
888,1.8855004345933328e-4,0,0
889,6.146141187491473e-4,0,0
890,5.365320343031116e-4,0,0
891,7.094705619132236e-5,0,0
892,3.754898148392392e-5,0,0
893,1.7758459890053225e-4,0,0
894,9.042165202342988e-6,0,0
895,5.093758533937989e-5,0,0
896,3.864285439847935e-5,0,0
897,1.1628231816517416e-5,0,0
898,2.0260416008975759e-4,0,0
899,1.9338738614414495e-4,0,0
900,8.475549718807933e-5,0,0
901,0.001118740896445267,0,0
902,4.811447411506714e-6,0,0
903,4.274353968596428e-5,0,0
904,2.226139886561044e-7,0,0
905,0.0025172444466656416,0,0
906,2.3779059836798226e-4,0,0
907,8.270770082443007e-5,0,0
908,1.3018147527434843e-4,0,0
909,1.6850041827159946e-4,0,0
910,6.001813229336486e-6,0,0
911,0.0025788373639878616,0,0
912,1.4940608314173846e-4,0,0
913,5.309960477996898e-4,0,0
914,0.002497200960852337,0,0
915,0.00773158252285932,0,0
916,3.2692779107084964e-4,0,0
917,8.910727695827931e-5,0,0
918,1.8855004345933328e-4,0,0
919,2.0522675963530648e-4,0,0
920,0.004469434988163783,0,0
921,5.4703028726768775e-5,0,0
922,1.5664188190102473e-4,0,0
923,1.1462559018209209e-4,0,0
924,3.285973667731574e-4,0,0
925,0.001644720053202571,0,0
926,9.555726226369718e-5,0,0
927,5.006053676806778e-4,0,0
928,3.69723310448307e-4,0,0
929,2.2597820457451795e-5,0,0
930,2.938519185179188e-4,0,0
931,0.0010843389421777078,0,0
932,7.375276353406113e-4,0,0
933,3.501289209445737e-4,0,0
934,8.74080043012507e-5,0,0
935,1.7852411123443846e-5,0,0
936,2.7203964839526498e-5,0,0
937,7.361773834048712e-5,0,0
938,3.501289209445737e-4,0,0
939,4.664944640137683e-4,0,0
940,1.8855004345933328e-4,0,0
941,8.181091854158745e-5,0,0
942,4.108081807120565e-4,0,0
943,0.004217308294241115,0,0
944,2.0437894528187194e-5,0,0
945,1.7606780773943937e-4,0,0
946,1.7593032828388448e-4,0,0
947,8.231757541236474e-6,0,0
948,7.612911640138849e-5,0,0
949,5.48196627550252e-4,0,0
950,5.311192038579265e-4,0,0
951,1.0427428988921667e-4,0,0
952,0.00011556919268534341,0,0
953,6.568740258286356e-6,0,0
954,2.1250714231926053e-4,0,0
955,5.167231759814523e-6,0,0
956,0.0021955501693807296,0,0
957,1.5417357211664143e-4,0,0
958,7.972025604176727e-6,0,0
959,7.552221382250347e-5,0,0
960,1.871707663113832e-4,0,0
961,1.7226448912179964e-4,0,0
962,0.0016555543418703134,0,0
963,9.365348325388447e-5,0,0
964,2.785349755150867e-4,0,0
965,1.5081144027713137e-6,0,0
966,2.506105264721852e-4,0,0
967,1.368994608075136e-4,0,0
968,0.001788328488073235,0,0
969,1.3118141957650965e-6,0,0
970,3.534689527855983e-5,0,0
971,2.0001014300356377e-5,0,0
972,3.310552979125195e-5,0,0
973,0.003446583676693387,0,0
974,2.3494701765095988e-4,0,0
975,9.021777229255297e-10,0,0
976,4.7493039141341067e-4,0,0
977,1.6665851246247084e-4,0,0
978,9.825543720829283e-4,0,0
979,1.3354473133688838e-4,0,0
980,1.6305333065067063e-4,0,0
981,0.003446583676693387,0,0
982,0.00433072385938415,0,0
983,0.006153606461671258,0,0
984,3.0411023806937017e-5,0,0
985,6.568740258286356e-6,0,0
986,1.6699633927405514e-5,0,0
987,1.3802045828201567e-4,0,0
988,0.0021955501693807296,0,0
989,9.242183936103237e-5,0,0
990,3.396759190162861e-4,0,0
991,4.8817454256497826e-4,0,0
992,6.929249483832869e-5,0,0
993,1.3622307143651334e-5,0,0
994,7.301841160603738e-5,0,0
995,4.399157611388176e-5,0,0
996,4.948614913184011e-4,0,0
997,3.248179599820813e-4,0,0
998,5.207338102761241e-6,0,0
999,1.713253096157594e-6,0,0
1000,2.2075157143493097e-8,0,0
1001,4.7437828010541794e-4,0,0
1002,5.584598552870349e-7,0,0
1003,1.0201351446765198e-4,0,0
1004,1.3234805800504748e-5,0,0
1005,6.723575219137226e-4,0,0
1006,0.003446583676693387,0,0
1007,4.625032709786991e-5,0,0
1008,3.60134007184503e-5,0,0
1009,3.5562974668686625e-4,0,0
1010,4.948614913184011e-4,0,0
1011,1.0187820954220607e-4,0,0
1012,9.242183936103237e-5,0,0
1013,2.0538736926389627e-5,0,0
1014,5.383007992206058e-4,0,0
1015,4.00122946124311e-4,0,0
1016,1.0395487663681333e-7,0,0
1017,9.242183936103237e-5,0,0
1018,1.7352897699674153e-4,0,0
1019,2.5665560492665114e-4,0,0
1020,2.020481870461899e-4,0,0
1021,1.3089592202349514e-4,0,0
1022,2.2075157143493097e-8,0,0
1023,1.0694522425744733e-4,0,0
1024,0.002636977153900864,0,0
1025,7.067744300452824e-4,0,0
1026,7.452028116966563e-6,0,0
1027,3.66517466097098e-4,0,0
1028,5.507924364455561e-4,0,0
1029,1.5081144027713137e-6,0,0
1030,1.0694522425744733e-4,0,0
1031,5.512899828997926e-4,0,0
1032,4.106051034073019e-5,0,0
1033,0.004341361232851498,0,0
1034,3.0745992730095054e-4,0,0
1035,1.5141789950768218e-7,0,0
1036,1.0612197913704334e-4,0,0
1037,6.929249483832869e-5,0,0
1038,8.956907554273232e-6,0,0
1039,2.9045602455349877e-5,0,0
1040,6.929249483832869e-5,0,0
1041,2.506105264721852e-4,0,0
1042,5.795627755090115e-4,0,0
1043,2.9848728208370953e-5,0,0
1044,9.056254336749498e-5,0,0
1045,5.512899828997926e-4,0,0
1046,3.6264352135503804e-5,0,0
1047,4.7493039141341067e-4,0,0
1048,1.667444271577349e-11,0,0
1049,9.3723165916846e-4,0,0
1050,2.1250714231926053e-4,0,0
1051,3.938905221926335e-4,0,0
1052,5.167231759814523e-6,0,0
1053,0.004341361232851498,0,0
1054,1.8179678394677636e-4,0,0
1055,1.4752361843337e-4,0,0
1056,0.00433072385938415,0,0
1057,1.0187580019643308e-5,0,0
1058,3.210235370346039e-5,0,0
1059,0.0012844791009854024,0,0
1060,8.057009014219035e-4,0,0
1061,2.008444023946709e-4,0,0
1062,1.7661457290017038e-4,0,0
1063,6.607701156189365e-4,0,0
1064,6.97063188223709e-6,0,0
1065,6.492519360600116e-5,0,0
1066,5.9795616274222876e-6,0,0
1067,5.151146333300128e-4,0,0
1068,6.240573892812095e-4,0,0
1069,1.9693766572223868e-4,0,0
1070,4.284860560186146e-5,0,0
1071,4.19943645957063e-5,0,0
1072,1.8675536958547421e-4,0,0
1073,4.6193775016729235e-7,0,0
1074,5.597643187960463e-4,0,0
1075,0.0013130136787190406,0,0
1076,0.001109348131893017,0,0
1077,1.1127410592111063e-4,0,0
1078,2.4472501852571845e-4,0,0
1079,5.5623000180865066e-6,0,0
1080,2.020481870461899e-4,0,0
1081,0.0014524224604193883,0,0
1082,7.534538169650127e-5,0,0
1083,0.0020918775153294248,0,0
1084,2.020481870461899e-4,0,0
1085,3.779540985660743e-4,0,0
1086,8.563998754701297e-5,0,0
1087,8.783601623902238e-5,0,0
1088,7.659212810996579e-4,0,0
1089,9.242183936103237e-5,0,0
1090,1.3089592202349514e-4,0,0
1091,2.3494701765095988e-4,0,0
1092,4.1566723993869025e-6,0,0
1093,2.979912065323844e-4,0,0
1094,9.118586713935532e-5,0,0
1095,4.948614913184011e-4,0,0
1096,7.713756090603899e-4,0,0
1097,2.1250714231926053e-4,0,0
1098,2.4058248590503895e-6,0,0
1099,4.381965540281137e-6,0,0
1100,3.1689365888484712e-6,0,0
1101,3.3060497703548433e-4,0,0
1102,9.233011303031845e-10,0,0
1103,2.8581380073245467e-6,0,0
1104,3.583878438073087e-5,0,0
1105,2.3322442251811594e-7,0,0
1106,2.1250714231926053e-4,0,0
1107,1.7031440559376538e-4,0,0
1108,2.728311964477533e-5,0,0
1109,2.803591132212786e-4,0,0
1110,5.1783653907117956e-5,0,0
1111,7.641278834541938e-4,0,0
1112,3.8135572290203245e-7,0,0
1113,3.534689527855983e-5,0,0
1114,1.1023743714174215e-4,0,0
1115,3.93107709713636e-4,0,0
1116,0.002636977153900864,0,0
1117,4.618663975539166e-6,0,0
1118,4.6193775016729235e-7,0,0
1119,9.645557822615189e-5,0,0
1120,2.020481870461899e-4,0,0
1121,2.979912065323844e-4,0,0
1122,2.0845196890362577e-4,0,0
1123,7.050510863662261e-5,0,0
1124,2.8833074505352233e-6,0,0
1125,2.236016163488491e-4,0,0
1126,1.2553756081576569e-5,0,0
1127,7.916264836874944e-4,0,0
1128,0.0035962995654227883,0,0
1129,0.0017574032354113831,0,0
1130,5.387905567937754e-4,0,0
1131,6.805648007450096e-4,0,0
1132,3.7508453724135837e-07,0,0
1133,8.335204923049057e-5,0,0
1134,0.007204097206485798,0,0
1135,3.938905221926335e-4,0,0
1136,7.482016924380118e-5,0,0
1137,1.5417357211664143e-4,0,0
1138,5.052281633095931e-5,0,0
1139,4.9604750595765075e-5,0,0
1140,6.929249483832869e-5,0,0
1141,0.003547002445934785,0,0
1142,3.6452845778722905e-6,0,0
1143,6.929249483832869e-5,0,0
1144,4.555842289355408e-6,0,0
1145,9.611198607959722e-6,0,0
1146,2.0538736926389627e-5,0,0
1147,2.622454780213839e-4,0,0
1148,0.002409016031857955,0,0
1149,1.6436559820673242e-4,0,0
1150,2.57340014923316e-5,0,0
1151,6.270029458481341e-4,0,0
1152,0.00742102834060097,0,0
1153,4.7493039141341067e-4,0,0
1154,3.93107709713636e-4,0,0
1155,9.754084517941227e-5,0,0
1156,2.902282230372569e-4,0,0
1157,0.003940223692984883,0,0
1158,3.0546727607988543e-4,0,0
1159,7.067744300452824e-4,0,0
1160,5.795627755090115e-4,0,0
1161,6.199206544029924e-4,0,0
1162,2.7709897337306546e-6,0,0
1163,3.6452845778722905e-6,0,0
1164,7.22168104303424e-4,0,0
1165,2.6852657907422036e-5,0,0
1166,2.238870435405875e-5,0,0
1167,7.351015729113774e-5,0,0
1168,3.0745992730095054e-4,0,0
1169,2.470994048289951e-4,0,0
1170,8.335204923049057e-5,0,0
1171,4.9162647833849534e-5,0,0
1172,1.1990020129125333e-4,0,0
1173,3.0745992730095054e-4,0,0
1174,1.5998593769826774e-4,0,0
1175,9.040215245793483e-5,0,0
1176,4.077868243322372e-5,0,0
1177,2.406816260187964e-4,0,0
1178,2.1030551910188324e-5,0,0
1179,7.180510182191573e-4,0,0
1180,8.018720330371353e-6,0,0
1181,7.180510182191573e-4,0,0
1182,3.251588213860948e-4,0,0
1183,5.8623107637376e-8,0,0
1184,4.077868243322372e-5,0,0
1185,2.195218852301111e-4,0,0
1186,4.6030527964856135e-4,0,0
1187,9.081804749616433e-4,0,0
1188,9.353745537827237e-4,0,0
1189,0.0019321159221598872,0,0
1190,9.14867319123812e-5,0,0
1191,2.504593835140252e-5,0,0
1192,3.697344082734119e-7,0,0
1193,1.597347898577036e-4,0,0
1194,1.4946833507399133e-4,0,0
1195,3.1087997708900893e-6,0,0
1196,4.19998374660658e-4,0,0
1197,0.0011189229954518861,0,0
1198,3.7297766051620886e-5,0,0
1199,5.093248528900673e-4,0,0
1200,4.1480802800639637e-4,0,0
1201,5.757698466533461e-5,0,0
1202,1.8193732007001733e-5,0,0
1203,6.0028927065090285e-5,0,0
1204,2.898886005826219e-4,0,0
1205,7.63154928194147e-4,0,0
1206,5.916373805157359e-4,0,0
1207,1.0943900611919278e-5,0,0
1208,2.8464263408814765e-4,0,0
1209,1.0513199767951334e-4,0,0
1210,7.891577228395017e-4,0,0
1211,3.0116038929215545e-4,0,0
1212,1.6474719167581845e-4,0,0
1213,4.900400440692859e-4,0,0
1214,3.0116038929215545e-4,0,0
1215,0.0034432684794173307,0,0
1216,1.9090197987785395e-5,0,0
1217,5.738155340265036e-4,0,0
1218,2.4106287639625666e-5,0,0
1219,0.002404318840537747,0,0
1220,4.6423843871559625e-5,0,0
1221,2.2106197569703764e-4,0,0
1222,3.4321712271903924e-4,0,0
1223,1.0762833322566602e-5,0,0
1224,5.988304026251457e-4,0,0
1225,0.0026971520292508066,0,0
1226,1.2566335381625215e-5,0,0
1227,4.6423843871559625e-5,0,0
1228,9.803047391494107e-4,0,0
1229,7.542382974500648e-4,0,0
1230,1.7288885194964647e-4,0,0
1231,7.831006549981708e-5,0,0
1232,2.3182577256476976e-5,0,0
1233,1.251716673743562e-8,0,0
1234,1.8193732007001733e-5,0,0
1235,4.8797593209775177e-4,0,0
1236,3.7450785001507154e-7,0,0
1237,4.981399922948353e-4,0,0
1238,1.9809362823752365e-5,0,0
1239,7.43733371615164e-5,0,0
1240,1.6474719167581845e-4,0,0
1241,2.03495456288607e-4,0,0
1242,8.05129708737839e-4,0,0
1243,0.0026971520292508066,0,0
1244,0.0015842865328077006,0,0
1245,3.433554291842234e-5,0,0
1246,9.939372890292432e-5,0,0
1247,1.9494398003572638e-5,0,0
1248,1.656777757299009e-4,0,0
1249,1.563537616166982e-5,0,0
1250,3.1087997708900893e-6,0,0
1251,0.003626501680060206,0,0
1252,1.5353748899767593e-4,0,0
1253,3.2706796754122596e-4,0,0
1254,5.534292385339044e-4,0,0
1255,1.2273163134482597e-6,0,0
1256,2.1123433132064884e-4,0,0
1257,2.787785626453811e-5,0,0
1258,2.606818985892018e-4,0,0
1259,3.262233350367359e-4,0,0
1260,0.0025361128479439374,0,0
1261,0.0025361128479439374,0,0
1262,4.889325211107883e-4,0,0
1263,1.437103285328875e-5,0,0
1264,4.19998374660658e-4,0,0
1265,0.00038584489342170846,0,0
1266,1.772847303703995e-4,0,0
1267,1.8133396547738545e-4,0,0
1268,5.404856315018815e-5,0,0
1269,1.2550520025145876e-5,0,0
1270,5.843543448505538e-7,0,0
1271,3.433554291842234e-5,0,0
1272,8.628253390704448e-5,0,0
1273,0.0013544579118590137,0,0
1274,1.030348304511127e-5,0,0
1275,0.0021914983048462247,0,0
1276,3.0370000253669926e-6,0,0
1277,9.936701837272812e-7,0,0
1278,2.5134233257777597e-4,0,0
1279,0.002410312909360414,0,0
1280,1.8776195500844467e-5,0,0
1281,1.2636745547937015e-4,0,0
1282,3.243869437662167e-5,0,0
1283,2.6297401120178413e-5,0,0
1284,3.9314242376926395e-4,0,0
1285,1.364509746346768e-4,0,0
1286,0.004211163389302625,0,0
1287,8.114568878489929e-6,0,0
1288,8.904316621712536e-5,0,0
1289,0.0034841675273123893,0,0
1290,4.261737162502394e-4,0,0
1291,6.386876946289444e-4,0,0
1292,8.52277251056285e-6,0,0
1293,0.010382392046746158,0,0
1294,3.4542579314918533e-4,0,0
1295,9.870226352629451e-5,0,0
1296,1.2588626341088018e-4,0,0
1297,1.882329572032902e-6,0,0
1298,1.030348304511127e-5,0,0
1299,1.1688679502860997e-4,0,0
1300,7.489929318765043e-4,0,0
1301,1.9108674241682345e-6,0,0
1302,5.8623107637376e-8,0,0
1303,0.005470034034580728,0,0
1304,1.2853467149445084e-5,0,0
1305,5.7522515705031785e-6,0,0
1306,3.7915219578911024e-4,0,0
1307,2.376829995924076e-5,0,0
1308,9.520387606696542e-5,0,0
1309,1.1722463612463856e-7,0,0
1310,2.3352415485279395e-4,0,0
1311,0.001000314022135746,0,0
1312,7.230780690353673e-5,0,0
1313,4.0078222398876815e-4,0,0
1314,4.187875980806341e-4,0,0
1315,6.270861039423045e-4,0,0
1316,5.419722817126372e-5,0,0
1317,9.210580397807154e-4,0,0
1318,0.0026971520292508066,0,0
1319,1.1509193590108084e-4,0,0
1320,2.4106287639625666e-5,0,0
1321,4.8384726706259794e-5,0,0
1322,1.2930055453220677e-4,0,0
1323,4.3274400661958264e-4,0,0
1324,0.0031454442137831885,0,0
1325,1.5968418846384301e-6,0,0
1326,8.552519950682566e-4,0,0
1327,2.663600461304211e-4,0,0
1328,3.155531811592072e-4,0,0
1329,0.002502799981559778,0,0
1330,9.553490691889572e-4,0,0
1331,2.2489601234087055e-4,0,0
1332,0.0010488155527280222,0,0
1333,7.395362038441197e-6,0,0
1334,3.399685112742747e-5,0,0
1335,8.093843035093881e-4,0,0
1336,5.290306412757534e-5,0,0
1337,2.6094473522554927e-4,0,0
1338,1.4412655848421253e-4,0,0
1339,1.262991840377062e-4,0,0
1340,8.114568878489929e-6,0,0
1341,9.520387606696542e-5,0,0
1342,7.211557445942921e-4,0,0
1343,1.4770207748577834e-4,0,0
1344,2.4106287639625666e-5,0,0
1345,1.9414480530259378e-4,0,0
1346,0.0035244337584341865,0,0
1347,8.629257365780643e-5,0,0
1348,5.534292385339044e-4,0,0
1349,1.9428767058617593e-5,0,0
1350,1.2550520025145876e-5,0,0
1351,4.3274400661958264e-4,0,0
1352,3.1087997708900893e-6,0,0
1353,6.0028927065090285e-5,0,0
1354,1.6460402188716737e-4,0,0
1355,0.0026971520292508066,0,0
1356,8.012935995285594e-5,0,0
1357,1.0606473980174378e-4,0,0
1358,1.5650069575258975e-6,0,0
1359,9.176057607769446e-5,0,0
1360,2.1155048974589595e-6,0,0
1361,0.009181689218663365,0,0
1362,1.6474719167581845e-4,0,0
1363,2.034066519388949e-4,0,0
1364,2.195218852301111e-4,0,0
1365,6.017219473141145e-4,0,0
1366,0.0011134937077009505,0,0
1367,6.647097483467982e-5,0,0
1368,6.557976430823583e-5,0,0
1369,8.147016145627558e-6,0,0
1370,1.1568140719619947e-4,0,0
1371,8.183650211196416e-4,0,0
1372,9.8123160543721e-4,0,0
1373,1.4967913151249092e-4,0,0
1374,1.6982169817994842e-5,0,0
1375,4.4700322899848073e-4,0,0
1376,3.251588213860948e-4,0,0
1377,1.563537616166982e-5,0,0
1378,1.262991840377062e-4,0,0
1379,5.025715015394199e-4,0,0
1380,2.4106287639625666e-5,0,0
1381,4.774538515224102e-4,0,0
1382,5.7522515705031785e-6,0,0
1383,4.103391384399475e-4,0,0
1384,6.055855849810592e-6,0,0
1385,2.2776191617573537e-6,0,0
1386,3.607140888446969e-6,0,0
1387,6.292402832378844e-4,0,0
1388,6.878325083290338e-4,0,0
1389,2.648113230263437e-7,0,0
1390,0.004165012465464248,0,0
1391,1.6090358039375988e-4,0,0
1392,5.916373805157359e-4,0,0
1393,9.443212158880239e-5,0,0
1394,2.195218852301111e-4,0,0
1395,3.134688401872884e-6,0,0
1396,3.5401154064908306e-4,0,0
1397,6.579037488040897e-5,0,0
1398,2.955055409312133e-6,0,0
1399,4.3274400661958264e-4,0,0
1400,2.9640048541717735e-5,0,0
1401,2.3461894882508598e-5,0,0
1402,0.0011169463883653797,0,0
1403,3.7481688696470667e-6,0,0
1404,1.5856186673934223e-5,0,0
1405,5.116383044538803e-4,0,0
1406,4.1480802800639637e-4,0,0
1407,7.832606308823049e-6,0,0
1408,2.0531812405980801e-4,0,0
1409,0.003274996542392761,0,0
1410,1.2930055453220677e-4,0,0
1411,1.3532762270470665e-4,0,0
1412,1.7683066505930584e-5,0,0
1413,8.730162759485273e-4,0,0
1414,9.394338091851737e-5,0,0
1415,4.819255712808543e-6,0,0
1416,3.291468478912691e-4,0,0
1417,0.001477115732711502,0,0
1418,0.001790829548269921,0,0
1419,2.2890366442374657e-4,0,0
1420,2.335321579998998e-4,0,0
1421,3.679505676807994e-4,0,0
1422,7.010630508492816e-4,0,0
1423,0.0018486726146428984,0,0
1424,8.985833660995404e-6,0,0
1425,1.814880208618064e-4,0,0
1426,4.055476653666047e-5,0,0
1427,1.010611713749047e-5,0,0
1428,1.916939647162943e-5,0,0
1429,1.8422581147800048e-4,0,0
1430,2.5992143062345034e-4,0,0
1431,0.0014789365916390372,0,0
1432,4.819255712808543e-6,0,0
1433,0.0018188651440575923,0,0
1434,2.6812199977505858e-5,0,0
1435,7.103239353766382e-9,0,0
1436,3.1957849057251457e-4,0,0
1437,0.001730173882931757,0,0
1438,2.1791204583649368e-4,0,0
1439,1.3631174576479922e-4,0,0
1440,0.0010149346674580245,0,0
1441,0.007904364675018125,0,0
1442,0.0017537599404814212,0,0
1443,1.721504680598352e-4,0,0
1444,4.1567332518496606e-4,0,0
1445,1.1870774315466294e-4,0,0
1446,2.1771928780983248e-4,0,0
1447,5.818301852883938e-5,0,0
1448,4.2356747517004954e-4,0,0
1449,4.819255712808543e-6,0,0
1450,2.7852052557183263e-5,0,0
1451,0.0012832463733410404,0,0
1452,2.3371512732853054e-4,0,0
1453,6.518857975529901e-4,0,0
1454,7.384848645951334e-4,0,0
1455,0.0011669576756175965,0,0
1456,3.7351230346951053e-4,0,0
1457,3.352572866358305e-4,0,0
1458,8.00637860379741e-4,0,0
1459,0.0017537599404814212,0,0
1460,0.0013340008916865422,0,0
1461,2.9105811533228526e-5,0,0
1462,8.913061964363271e-6,0,0
1463,5.667838199753553e-4,0,0
1464,0.0025447299862662444,0,0
1465,1.391354348320927e-4,0,0
1466,1.2949901543189146e-4,0,0
1467,0.0029027118595583226,0,0
1468,7.066545767040253e-4,0,0
1469,0.0026819180093793533,0,0
1470,1.709364614192655e-4,0,0
1471,1.9204113246564056e-4,0,0
1472,1.3788491467265967e-4,0,0
1473,1.8421850675678603e-6,0,0
1474,8.017997082250182e-5,0,0
1475,2.614170137967841e-5,0,0
1476,0.0015711294313502733,0,0
1477,3.3039177550291734e-4,0,0
1478,5.240886520323372e-5,0,0
1479,3.324457523101275e-4,0,0
1480,1.2106314155628249e-4,0,0
1481,1.5234166502790258e-4,0,0
1482,8.199151846017665e-6,0,0
1483,0.002210100001212181,0,0
1484,7.749339942011182e-5,0,0
1485,3.7351230346951053e-4,0,0
1486,0.002348697978533815,0,0
1487,1.65941396173923e-4,0,0
1488,2.8336543409365636e-4,0,0
1489,0.0017687848894446263,0,0
1490,4.1567332518496606e-4,0,0
1491,6.851444604305159e-5,0,0
1492,5.41587329545552e-4,0,0
1493,2.4518448864820877e-4,0,0
1494,1.357590900563115e-4,0,0
1495,1.3507964294528607e-4,0,0
1496,3.949464805280445e-5,0,0
1497,1.8999376891885504e-5,0,0
1498,6.722818356318194e-4,0,0
1499,0.0014789365916390372,0,0
1500,1.934532056747935e-5,0,0
1501,6.150036762419103e-4,0,0
1502,1.669711833968341e-4,0,0
1503,8.358539955724449e-4,0,0
1504,0.0012541233075187923,0,0
1505,9.825956369778391e-5,0,0
1506,0.0010223402116747637,0,0
1507,0.0014932266037197502,0,0
1508,8.358539955724449e-4,0,0
1509,0.0012577615352734187,0,0
1510,0.002684554692293647,0,0
1511,4.3075466116432266e-5,0,0
1512,1.3500912787565067e-4,0,0
1513,0.0011883957806293336,0,0
1514,9.740107634807204e-5,0,0
1515,2.2348642547691296e-4,0,0
1516,1.5802402848559778e-7,0,0
1517,5.854986896302979e-5,0,0
1518,3.4300610067332886e-4,0,0
1519,0.0010122959212414202,0,0
1520,2.7852052557183263e-5,0,0
1521,7.198195022847938e-6,0,0
1522,7.15660052213667e-4,0,0
1523,3.291468478912691e-4,0,0
1524,1.1792841172368166e-4,0,0
1525,2.819694816748185e-4,0,0
1526,7.05859874300792e-5,0,0
1527,3.634087920374903e-6,0,0
1528,0.001730173882931757,0,0
1529,2.2030832961586927e-4,0,0
1530,0.00244671334640582,0,0
1531,2.9604395763394053e-4,0,0
1532,6.624492212370871e-6,0,0
1533,1.988276813204093e-4,0,0
1534,0.0018076064136277339,0,0
1535,5.661829761931909e-5,0,0
1536,4.080564560941036e-5,0,0
1537,3.577913871415313e-4,0,0
1538,3.534266623243071e-4,0,0
1539,8.017997082250182e-5,0,0
1540,0.001730173882931757,0,0
1541,3.803741809782868e-4,0,0
1542,2.8253435157990877e-4,0,0
1543,0.003142543091384297,0,0
1544,4.708550505501819e-5,0,0
1545,5.240886520323372e-5,0,0
1546,4.808688614161293e-5,0,0
1547,3.687530055365019e-4,0,0
1548,8.783432514588837e-4,0,0
1549,8.997308383191396e-4,0,0
1550,1.9118893299251982e-4,0,0
1551,3.678531328816006e-5,0,0
1552,0.0011883957806293336,0,0
1553,1.0952854273452692e-5,0,0
1554,3.0331588648669814e-4,0,0
1555,0.0046871656280105265,0,0
1556,9.347986122690639e-5,0,0
1557,0.002075616165130596,0,0
1558,0.001790829548269921,0,0
1559,7.066545767040253e-4,0,0
1560,1.2105654682963905e-9,0,0
1561,2.1791204583649368e-4,0,0
1562,1.928972210938233e-4,0,0
1563,1.1126008517412027e-5,0,0
1564,5.240886520323372e-5,0,0
1565,0.003668477015036629,0,0
1566,3.7923784184067666e-5,0,0
1567,6.347062342189079e-4,0,0
1568,9.52813435569943e-5,0,0
1569,1.197215948454843e-5,0,0
1570,0.002695168561734918,0,0
1571,1.4062526112504245e-5,0,0
1572,1.8422581147800048e-4,0,0
1573,2.4283853568071744e-4,0,0
1574,4.2356747517004954e-4,0,0
1575,9.184148390600478e-4,0,0
1576,4.6394417318569684e-4,0,0
1577,6.250646272842003e-4,0,0
1578,9.237799958603686e-4,0,0
1579,5.667838199753553e-4,0,0
1580,3.0466626613547665e-4,0,0
1581,1.2079594908583457e-4,0,0
1582,0.0010086949551539512,0,0
1583,1.3278674329803402e-4,0,0
1584,2.66044219581315e-4,0,0
1585,8.482906572020917e-5,0,0
1586,0.001705361522891821,0,0
1587,7.73734113822803e-6,0,0
1588,9.056525799062675e-4,0,0
1589,1.0735937230074129e-4,0,0
1590,3.312674991243494e-4,0,0
1591,1.279139462892223e-4,0,0
1592,1.8535540157340685e-5,0,0
1593,1.7418926225443382e-4,0,0
1594,2.776652381549436e-4,0,0
1595,1.934532056747935e-5,0,0
1596,4.819255712808543e-6,0,0
1597,5.974502748375059e-5,0,0
1598,4.404006630900646e-6,0,0
1599,2.4725785251020313e-4,0,0
1600,1.4062526112504245e-5,0,0
1601,2.686503976752832e-4,0,0
1602,0.0010942029680495922,0,0
1603,6.029553119154382e-4,0,0
1604,0.0010485257254690857,0,0
1605,8.57851084818764e-5,0,0
1606,0.0029027118595583226,0,0
1607,3.6885951032616195e-7,0,0
1608,1.4700714571533338e-5,0,0
1609,3.7351230346951053e-4,0,0
1610,0.0017043298640430345,0,0
1611,4.2356747517004954e-4,0,0
1612,0.001790829548269921,0,0
1613,6.641743790241028e-5,0,0
1614,3.85368663446196e-4,0,0
1615,7.376881365999676e-4,0,0
1616,0.001166881363718061,0,0
1617,6.81113386964571e-5,0,0
1618,1.0450584441659996e-4,0,0
1619,3.4218957619099256e-4,0,0
1620,5.867375399234991e-4,0,0
1621,1.9381612197917644e-4,0,0
1622,0.0022374283891687637,0,0
1623,0.0011415055839781145,0,0
1624,6.0143695448892345e-5,0,0
1625,0.0029027118595583226,0,0
1626,0.002684554692293647,0,0
1627,2.6234717982883064e-5,0,0
1628,0.0023137614125358945,0,0
1629,0.0019793349439055433,0,0
1630,7.010630508492816e-4,0,0
1631,9.056525799062675e-4,0,0
1632,2.4235827654506393e-6,0,0
1633,2.776652381549436e-4,0,0
1634,3.312674991243494e-4,0,0
1635,3.117163290136528e-5,0,0
1636,0.0012577615352734187,0,0
1637,3.889828358140423e-5,0,0
1638,2.0443811895608512e-4,0,0
1639,7.010630508492816e-4,0,0
1640,4.3494708125117396e-5,0,0
1641,1.8325597322870317e-4,0,0
1642,8.261470237463438e-4,0,0
1643,1.9933721565912164e-4,0,0
1644,1.2017730763968322e-4,0,0
1645,4.026709086085679e-7,0,0
1646,2.757330397360451e-4,0,0
1647,6.083306104757468e-5,0,0
1648,3.3551521374953065e-4,0,0
1649,1.8421850675678603e-6,0,0
1650,2.2721805764459263e-5,0,0
1651,8.727155737241146e-4,0,0
1652,0.0013150914279028412,0,0
1653,0.001958721600738813,0,0
1654,3.0269403079404787e-4,0,0
1655,2.99247294918524e-6,0,0
1656,1.1815812483715186e-4,0,0
1657,5.5825812368762234e-5,0,0
1658,0.0014932266037197502,0,0
1659,1.4245251434705272e-5,0,0
1660,5.401880785315617e-4,0,0
1661,3.0619722349708675e-4,0,0
1662,4.505891410541703e-4,0,0
1663,1.8421850675678603e-6,0,0
1664,3.1290026325890487e-4,0,0
1665,0.006595630642517752,0,0
1666,5.635960933186027e-4,0,0
1667,2.2973816134992653e-4,0,0
1668,1.5023304522616927e-4,0,0
1669,3.15556633817527e-4,0,0
1670,0.0010949231826452557,0,0
1671,8.597654044353692e-9,0,0
1672,8.93282749178026e-5,0,0
1673,9.882037227129084e-4,0,0
1674,7.363306368653197e-4,0,0
1675,0.001155984972659007,0,0
1676,5.598013206501494e-5,0,0
1677,2.0894044044903615e-4,0,0
1678,6.078571323735367e-4,0,0
1679,1.0586514799298115e-4,0,0
1680,8.157278830028467e-4,0,0
1681,9.901017869257975e-5,0,0
1682,0.0027876451210482977,0,0
1683,1.3788491467265967e-4,0,0
1684,1.9868834903838187e-5,0,0
1685,1.7740603266776307e-4,0,0
1686,0.003802486293592557,0,0
1687,2.440239096851423e-6,0,0
1688,3.0331588648669814e-4,0,0
1689,2.7136845496116056e-7,0,0
1690,0.002633834644611074,0,0
1691,0.0015616597316852716,0,0
1692,0.008480086028426728,0,0
1693,3.1305443541758773e-4,0,0
1694,6.564399343598738e-4,0,0
1695,0.001997173213945489,0,0
1696,6.790675076784276e-5,0,0
1697,1.928972210938233e-4,0,0
1698,5.834014162958197e-4,0,0
1699,9.659148138027638e-7,0,0
1700,1.1325469075270509e-4,0,0
1701,1.580846681815818e-4,0,0
1702,2.6234717982883064e-5,0,0
1703,5.854986896302979e-5,0,0
1704,2.4201150933022558e-4,0,0
1705,3.217968679386648e-4,0,0
1706,8.518191995017737e-4,0,0
1707,1.5625293394101505e-4,0,0
1708,5.798053445903214e-4,0,0
1709,0.0019793349439055433,0,0
1710,0.008647492983151076,0,0
1711,2.7152721604309347e-5,0,0
1712,6.087501487433223e-4,0,0
1713,7.010630508492816e-4,0,0
1714,0.0010395933825927293,0,0
1715,5.71512981574217e-6,0,0
1716,0.0010668379005181268,0,0
1717,6.083674122047779e-4,0,0
1718,0.0021028817757740063,0,0
1719,0.0016006746095215587,0,0
1720,4.1827484274708636e-4,0,0
1721,0.00207804335194937,0,0
1722,0.0010485257254690857,0,0
1723,4.493013381965454e-4,0,0
1724,9.427462107647531e-4,0,0
1725,0.0010485257254690857,0,0
1726,1.8805565308364058e-5,0,0
1727,3.387031631013933e-4,0,0
1728,0.0029076844943597227,0,0
1729,1.9312282293672004e-5,0,0
1730,9.293359804240262e-4,0,0
1731,1.5197318934195438e-5,0,0
1732,3.7351230346951053e-4,0,0
1733,0.0023733918123817546,0,0
1734,3.321404328337573e-4,0,0
1735,4.708550505501819e-5,0,0
