Known As,Full Name,best_position,age,overall,total_stats,value_eur,fitted,residual,std_resid,leverage,cooks
A. Vega,Alexis Vega,CAM,24,77,1944,0,7.124596974483555,-7.124596974483452,-15.067258353777387,0.005671496669687079,0.012101870039309561
C. Montes,César Montes,CB,25,77,1821,0,6.961073212537301,-6.961073212537008,-14.689920419737781,0.0014006670303508442,0.002828777200215281
J. Denayer,Jason Denayer,CB,27,77,1832,0,6.8769516283683085,-6.87695162836801,-14.515616295106724,0.0018432801050301505,0.003636468100117529
E. Atuesta,Eduard Atuesta,CM,25,75,1976,0,6.815665481858424,-6.815665481858454,-14.42159166332553,0.0067286722644959345,0.013167523074272745
A. Afif,Akram Afif,RM,25,76,1837,0,6.7944916583035395,-6.794491658303486,-14.378838313497358,0.0070117853751794045,0.013644208360831417
C. Rodríguez,Carlos Rodríguez,CAM,25,76,1991,0,6.790285524503821,-6.7902855245037195,-14.339178686408287,0.002747177661436134,0.005293540595980987
H. Martín,Henry Martín,ST,29,76,1915,0,6.680281308456192,-6.680281308456178,-14.102118949378996,0.002073604556666756,0.00386200114317172
U. Antuna,Uriel Antuna,RM,24,75,1783,0,6.671511873454403,-6.671511873454341,-14.11698315139995,0.006786786467346295,0.012726873035968395
D. Lovren,Dejan Lovren,CB,32,78,1714,0,6.641252038538856,-6.641252038538566,-14.018572217456557,0.0019090613083622115,0.003512962806937604
J. Gallardo,Jesús Gallardo,LB,27,75,2012,0,6.6341244849772,-6.634124484977034,-14.044911332134257,0.007782267343116419,0.014459503724712615
A. Cicâldău,Alexandru Cicâldău,CAM,24,72,2000,0,6.614911289944882,-6.6149112899447875,-13.967739199096261,0.0025903428823641655,0.00473535064781566
L. Romo,Luis Romo,CM,27,76,2031,0,6.516042254543242,-6.5160422545432635,-13.800981877956024,0.008653294836170309,0.015537893032868772
R. Kent,Roy Kent,CDM,40,83,2114,0,6.508564352467223,-6.50856435246711,-13.764055813168843,0.0056132899887137945,0.009994733992199929
J. Nilsson,Joakim Nilsson,CB,28,74,1608,0,6.499941210075063,-6.499941210074772,-13.716053434456276,0.0012925825997155865,0.002275592998856849
A. Ali,Almoez Ali,ST,25,72,1681,0,6.490343802125618,-6.490343802125619,-13.71695548131814,0.004370624447690075,0.0077192920012802485
T. Vaclík,Tomáš Vaclík,GK,33,80,1309,0,6.46970229524213,-6.469702295242076,-13.674949410500075,0.004606289901154679,0.008087681763283906
Z. Ibrahimović,Zlatan Ibrahimović,ST,40,82,1967,0,6.463545518495163,-6.463545518495176,-13.674012870776263,0.0063637905320243805,0.01119171540067831
F. Helander,Filip Helander,CB,29,72,1510,0,6.4300168034864,-6.430016803486119,-13.580117909339046,0.0030006178514404213,0.005187272979150671
I. Danlad,Ibrahim Danlad,GK,19,68,1021,0,6.411770060005972,-6.411770060005924,-13.544551962548464,0.0034379473013890745,0.005914804286989533
L. Kleinheisler,László Kleinheisler,CAM,28,71,1973,0,6.410676628110326,-6.410676628110226,-13.540998427212998,0.0032548744184712746,0.005595871255888765
J. Brabec,Jakub Brabec,CB,29,74,1826,0,6.377583672659844,-6.377583672659547,-13.456580366084669,0.0011030976798100123,0.0018688693692573914
Joaquín,Joaquín Sánchez Rodríguez,CAM,40,79,1933,0,6.363459754241332,-6.363459754241243,-13.476680579595984,0.008486827090413205,0.014528773650810114
G. Ochoa,Guillermo Ochoa,GK,36,80,1265,0,6.293781774977484,-6.293781774977424,-13.308745992807777,0.0054494926791100505,0.00907025976657858
T. Sainsbury,Trent Sainsbury,CB,30,72,1809,0,6.235899264553699,-6.235899264553413,-13.171996537444558,0.0032810369426622943,0.005337745184245433
J. Fameyeh,Joel Fameyeh,ST,25,69,1636,0,6.232276882584792,-6.232276882584787,-13.155332388130205,0.0019148757205956005,0.003103079365314972
F. Niță,Florin Niță,GK,34,76,1081,0,6.220092721140828,-6.220092721140781,-13.14724637284246,0.004590298341781157,0.007449461311558047
H. Moreno,Héctor Moreno,CB,34,76,1806,0,6.216842429054167,-6.216842429053886,-13.123968203678087,0.0020997400215090785,0.003387076078706277
M. Borjan,Milan Borjan,GK,34,77,1360,0,6.212732031793623,-6.212732031793572,-13.124336713565283,0.0034748335933677816,0.005613279802001884
A. Dovbyk,Artem Dovbyk,ST,25,70,1670,0,6.208821270080831,-6.208821270080823,-13.100258565306842,0.0010670557210179616,0.0017132735885646028
D. Riznyk,Dmytro Riznyk,GK,23,68,1137,0,6.193627857115752,-6.193627857115696,-13.081616258845479,0.003114775528107215,0.004997129768401252
H. Ahmed,Homam Ahmed,LWB,22,68,1700,0,6.181846863724645,-6.181846863724693,-13.096162711804652,0.009108471621535625,0.014734104340689978
I. Ivušić,Ivica Ivušić,GK,27,72,1125,0,6.1812162649395,-6.181216264939447,-13.043233190115183,0.0012538578691660975,0.001996089154638669
A. Ayew,André Ayew,CF,32,75,2053,0,6.176140990594984,-6.176140990595023,-13.55464846363204,0.07671529605480384,0.14267210355585064
B. Al Rawi,Bassam Al Rawi,CB,24,68,1820,0,6.175007956548059,-6.175007956547759,-13.031681922962408,0.0014912945835459917,0.002370438813034366
A. Tagnaouti,Ahmed Reda Tagnaouti,GK,26,71,1144,0,6.156528975024517,-6.1565289750244645,-12.99116591250789,0.001257911892011248,0.0019865950626963575
L. Négo,Loïc Négo,RM,31,72,1926,0,6.137136604526427,-6.137136604526367,-12.969573381613845,0.004232485666152733,0.006681979607637003
A. Talavera,Alfredo Talavera,GK,39,79,1345,0,6.130723565656324,-6.130723565656275,-12.981154480941031,0.00808470520879578,0.012836081349447272
Y. Attiat-Allah,Yahya Attiat-Allah,LB,27,70,1855,0,6.129964019019328,-6.129964019019169,-12.953854905828308,0.0041462822148423005,0.0065294648555094485
G. Þórarinsson,Guðmundur Þórarinsson,CM,30,67,1906,0,6.1222856486133095,-6.12228564861334,-12.925307102449858,0.002246658278475792,0.0035156998696910754
K. Boudiaf,Karim Boudiaf,CM,31,72,1871,0,6.11200668326863,-6.112006683268666,-12.926983902928386,0.005852145062784365,0.009193370045920345
Á. Lang,Ádám Lang,CB,29,70,1618,0,6.111537127991507,-6.1115371279912205,-12.899903931837462,0.0018272447853497772,0.0028469523200300283
A. Hatem,Abdulaziz Hatem,CM,31,71,1893,0,6.100069179374363,-6.100069179374392,-12.885498742710883,0.003345092338683496,0.005208132074812137
M. Waad,Mohammed Waad,CB,22,65,1769,0,6.080892095503425,-6.080892095503129,-12.83726662560457,0.0021454866778994456,0.0033114632630282036
M. Duke,Mitchell Duke,ST,31,67,1832,0,6.057641656750706,-6.0576416567507,-12.799471008382772,0.003904746689754615,0.006001948424114532
R. Cota,Rodolfo Cota,GK,34,76,1280,0,6.054737599965503,-6.054737599965448,-12.804073265562119,0.005574833503252076,0.008589587696663991
T. Salman,Tarek Salman,CDM,24,66,1679,0,6.023565634336064,-6.023565634335914,-12.760187880833623,0.009006260885072205,0.013829420198800589
A. Asad,Ali Asad,LW,29,69,1696,0,6.020946169596519,-6.0209461695962805,-12.964409429223151,0.0408163492339706,0.06684271597377052
H. Al Haydos,Hassan Al Haydos,RW,31,72,1758,0,6.00481146551807,-6.004811465518008,-12.773669824198182,0.017245287564726444,0.026759186132570768
Jorge Molina,Jorge Molina Vidal,ST,40,77,1738,0,5.97806252322938,-5.9780625232293945,-12.670610877809683,0.010072125402191056,0.015266128039637212
B. Khoukhi,Boualem Khoukhi,CB,31,71,1818,0,5.967465448432206,-5.967465448431927,-12.603893142135849,0.00310789596430836,0.004628539386290998
C. McCowatt,Callum McCowatt,CAM,23,65,1783,0,5.956643060175906,-5.9566430601758,-12.587987817598755,0.004208808445921827,0.006259212991218101
A. Madibo,Assim Madibo,CDM,25,66,1693,0,5.93350167352681,-5.933501673526664,-12.578372977652126,0.01041989269329804,0.01556959978436361
T. Deng,Thomas Deng,CB,25,65,1620,0,5.927981940268486,-5.927981940268192,-12.510147231067146,0.001457263648326719,0.0021345805052123035
J. Champness,Joseph Champness,LW,25,66,1536,0,5.908300464004271,-5.908300464004023,-12.588924291381343,0.020452145981312213,0.030924785233676474
W. Reid,Winston Reid,CB,33,72,1603,0,5.889717732871728,-5.889717732871456,-12.450693593702955,0.004870439823958413,0.007090745009542563
M. Muntari,Mohammed Muntari,ST,28,67,1521,0,5.859366161659818,-5.859366161659825,-12.366195726942959,0.0015948785916319022,0.0022830177222607187
M. Soisalo,Mikael Soisalo,RM,24,64,1544,0,5.842071710083134,-5.842071710083079,-12.34049656111835,0.0033417838874699197,0.0047721446850905545
K. Muneer,Khaled Muneer,RM,24,63,1611,0,5.818668100544513,-5.818668100544451,-12.30219313496643,0.005144868655107465,0.007314687076263396
Rubén Castro,Rubén Castro Martín,ST,41,73,1855,0,5.811861673921619,-5.811861673921622,-12.280124954330384,0.003900501205779044,0.00551873434636651
Ø. Nyland,Ørjan Nyland,GK,31,69,1181,0,5.811513292796545,-5.811513292796498,-12.263335218081103,0.0012908560353152554,0.0018166539414621792
S. Al Brake,Sultan Al Brake,LWB,26,66,1640,0,5.795879613692057,-5.7958796136921,-12.292788613619631,0.011411304368017999,0.01630184271590098
D. Sundgren,Daniel Sundgren,RWB,31,71,1790,0,5.795840353102651,-5.795840353102599,-12.322908809266456,0.016251429869806034,0.023444995601729843
Z. Nagy,Zsolt Nagy,LWB,29,68,1704,0,5.7877929704696225,-5.787792970469676,-12.387975519999776,0.02925971265490139,0.043229867272537706
A. Al Ahrak,Abdullah Al Ahrak,CAM,25,64,1616,0,5.786145458927551,-5.786145458927454,-12.208011552997384,9.97474357948715e-4,0.0013907249286778064
S. Gavriel,Stavros Gavriel,CAM,20,61,1455,0,5.785624023699376,-5.7856240236992775,-12.21407779478572,0.0021694258684512215,0.003031276785146946
M. Barsham,Meshaal Barsham,GK,24,65,1026,0,5.768235940772243,-5.768235940772184,-12.202490229975007,0.0062735487781890135,0.00878536052782741
Pedro Miguel,Pedro Miguel C. Deus Correia,RWB,31,69,1685,0,5.754196246485041,-5.7541962464849785,-12.254608936303379,0.019498685837496782,0.027910800839960472
N. Alho,Nikolai Alho,RB,29,66,1830,0,5.753429998006631,-5.7534299980065,-12.175547215099744,0.006988122012888735,0.009749879235263884
S. Al Hajri,Salem Al Hajri,CB,26,63,1569,0,5.7410664766616355,-5.741066476661341,-12.111875078150483,8.282639809815496e-4,0.0011364952450217175
C. Spandler,Csaba Spandler,CB,26,63,1434,0,5.735709671978091,-5.735709671977792,-12.108305630935082,0.0021038980933489096,0.002888832394460334
J. Sand,José Sand,ST,41,74,1777,0,5.717989330719249,-5.717989330719263,-12.089556636235251,0.005181878042310666,0.007115091183235472
N. Kirwan,Niko Kirwan,RB,26,64,1678,0,5.6928691523992025,-5.692869152399079,-12.048495756983383,0.007170893922777634,0.009798975638790154
M. Kheder,Musab Kheder,RWB,28,65,1630,0,5.68938321872589,-5.689383218725828,-12.089241685927746,0.015059468019791255,0.020884013395421418
Y. Hassan,Yousef Hassan,GK,26,65,929,0,5.681156787110569,-5.681156787110514,-11.99215382212675,0.0019393716259106918,0.0026116484504528563
M. Langerak,Mitchell Langerak,GK,33,71,1077,0,5.674968693064699,-5.674968693064645,-12.021563115324218,0.008979101031663583,0.012237371633068173
I. Mohammad,Ismael Mohammad,RWB,32,67,1809,0,5.662309688896511,-5.662309688896457,-12.060611191238763,0.019773683217787632,0.02742306988315857
S. Kittos,Stefanos Kittos,GK,20,58,891,0,5.6604689356083,-5.660468935608249,-11.952950408425947,0.0026850201675166383,0.0035948573992056207
F. Tănase,Florin Tănase,CF,27,72,1863,0,5.6595027279238845,-5.659502727923928,-12.782040188008892,0.12816571297749374,0.22446802881032046
P. Polykarpou,Paris Polykarpou,CDM,21,60,1479,0,5.658910865856221,-5.65891086585609,-11.966968791883973,0.005567877211998592,0.007493747296176341
C. Pellerano,Cristian Pellerano,CDM,40,74,1867,0,5.656694692004946,-5.656694692004828,-11.972052601082503,0.007190324907414205,0.0097014348013477
S. Marinović,Stefan Marinović,GK,30,68,1200,0,5.625159833908083,-5.62515983390803,-11.90614511673639,0.007329431409291963,0.009781910945172896
S. Al Sheeb,Saad Al Sheeb,GK,32,68,1070,0,5.616698417893557,-5.616698417893504,-11.87505163882623,0.00512400433867945,0.006787780227743848
Y. Abdurisag,Yusuf Abdurisag,RW,22,62,1525,0,5.604998276331392,-5.604998276331319,-11.954850042768323,0.022446677947029706,0.030670164665467327
A. Suhail,Ahmed Suhail,CB,23,60,1581,0,5.6003917199339925,-5.600391719933695,-11.819053333108409,0.0014974466401891815,0.001957869689958631
A. Fiola,Attila Fiola,RWB,32,68,1684,0,5.567200801998171,-5.567200801998116,-11.866153678922853,0.021115188941851347,0.02838569562734815
A. Moustafa,Abdelrahman Moustafa,RM,25,61,1530,0,5.563290923505814,-5.563290923505757,-11.745663535901198,0.0023316715350107896,0.0030133704116641073
A. Alaaeldin,Ahmed Alaaeldin,ST,29,65,1588,0,5.560274978716747,-5.5602749787167465,-11.739023026955644,0.002285266931060204,0.0029499230078825125
S. Georgiou,Stavros Georgiou,ST,17,55,1461,0,5.5368314360271125,-5.5368314360271045,-11.701626836850119,0.0043473131202242735,0.005587554380918485
S. Silva,Santiago Silva,ST,41,70,1766,0,5.528935281560247,-5.528935281560266,-11.704268604976436,0.007633242739975173,0.009847855058149094
N. McGinn,Niall McGinn,RW,34,65,1739,0,5.52183250875702,-5.521832508756961,-11.716156286204884,0.012188902620144968,0.015829866102295146
M. Hassan,Moayed Hassan,RW,30,65,1658,0,5.509394412286561,-5.509394412286501,-11.682185099975078,0.01090657037984934,0.014064207912095936
P. Szappanos,Péter Szappanos,GK,31,65,1009,0,5.499970925893842,-5.499970925893799,-11.662360441124324,0.01093320301166104,0.014051119629175648
D. Djamas,David Djamas,LB,18,58,1405,0,5.473432237296409,-5.473432237296241,-11.707320184993689,0.0279642134790042,0.036851194452337685
R. Santa Cruz,Roque Santa Cruz,ST,40,71,1583,0,5.371704117888968,-5.371704117888987,-11.375349838800037,0.008318075950364963,0.010143696120807304
M. Galmarini,Martín Galmarini,RB,40,64,1728,0,5.083778707001354,-5.0837787070012475,-10.785931679381834,0.012048328389303775,0.013259362625959678
P. Clarke,Peter Clarke,CB,40,64,1468,0,5.011306687568988,-5.011306687568714,-10.592369816688826,0.0046095981829271685,0.0048559266005804855
M. Galezo,Moisés Galezo,CB,41,64,1468,0,4.817116893288948,-4.817116893288664,-10.17702312105253,0.003653033705604875,0.003548957685526028
M. Gould,Matt Gould,GK,28,52,980,0,4.557491406246697,-4.557491406246648,-9.6536635453798,0.008836832863752524,0.00776518890856261
R. Malinovskyi,Ruslan Malinovskyi,CF,29,82,2213,30500000,6.615135719962235,0.8691641336236771,1.962426141354132,0.12764208184357623,0.005266256822117952
T. Müller,Thomas Müller,CAM,32,87,2140,63000000,6.936195303213903,0.8631452531333152,1.8247907515762358,0.005008466066977677,1.566490317700758e-4
M. Maertens,Mathieu Maertens,CF,27,71,1929,2200000,5.543032107483688,0.7993907707450265,1.8208464967419709,0.1428647720560833,0.005164623891048828
T. Courtois,Thibaut Courtois,GK,30,90,1334,90000000,7.276589643694495,0.6776528705673317,1.436706594995131,0.010635896789531063,2.0738166565488391e-4
I. Khune,Itumeleng Khune,GK,35,70,1344,180000,5.921622865287313,-0.666347947443536,-1.42161235346802,0.022948387018647688,4.4362218777962563e-4
Olaetxea,Lander Olaetxea,CF,29,66,1765,825000,5.255936055391772,0.6605184195753496,1.4762791435755958,0.10975272572284955,0.0025110644111231437
L. de Jong,Luuk de Jong,ST,31,79,1905,15000000,6.5167684578777125,0.6593228301309237,1.3938847708660893,0.005006515426815037,9.13661427428742e-5
C. Cherchez,Cristian Cherchez,CF,31,61,1555,275000,4.780548886484794,0.6587853865952039,1.560682414763337,0.20761436277108322,0.005964390859301185
T. Maddad,Tariq Maddad,RW,21,49,1212,110000,4.396278053394977,0.6451185798770237,1.3986298488153017,0.05386900507146244,0.001040901158002211
G. Buffon,Gianluigi Buffon,GK,44,79,1258,1900000,5.640705634991496,0.6380481945373644,1.3572300537890731,0.017171396534278578,3.007814080552242e-4
P. Aubameyang,Pierre-Emerick Aubameyang,ST,33,85,2028,34500000,6.9088368077671785,0.6289822998943441,1.3304731802429128,0.006100769410662659,1.0154784867741725e-4
M. Diongue,Maguette Diongue,CF,30,61,1714,275000,4.810992078003908,0.6283421950761068,1.421867947991972,0.13153628930488637,0.0028617300325113125
W. Szczęsny,Wojciech Szczęsny,GK,32,86,1314,33500000,6.907792054613893,0.6172527653870573,1.3054290694532227,0.005746142254010355,9.204535344842243e-5
D. Alaba,David Alaba,CB,30,86,2277,55500000,7.1380707263638286,0.6062222645842896,1.282409129392981,0.006224426366050147,9.626766550288084e-5
De Gea,David De Gea Quintana,GK,31,87,1415,42000000,7.02338264001622,0.5998666607220781,1.2689112965719072,0.006141220870191653,9.298412070777989e-5
T. Kroos,Toni Kroos,CM,32,88,2147,72000000,7.257971759116184,0.5993607433469047,1.2735254024967524,0.014993447878238588,2.3072456792666408e-4
G. Defrel,Grégoire Defrel,CF,31,76,1819,6500000,6.21729379641741,0.5956196270399324,1.3327901634559063,0.11183797958913319,0.00209043609053924
Ricardo Horta,Ricardo Jorge da Luz Horta,CF,27,81,2074,28000000,6.8653776778808036,0.5817803689718903,1.2689814715728405,0.06527185769339323,0.001050914632895429
Jorginho,Luiz Frello Filho Jorge,CM,30,85,2128,51500000,7.136037394173419,0.5757698433006473,1.2232026899424906,0.014676754308930721,2.0828805887191767e-4
D. Mertens,Dries Mertens,CF,35,84,1980,18000000,6.682217668802216,0.5730548604285143,1.3970420345970853,0.25174227580478004,0.006136773785532127
Adryan Zonta,Adryan Juliano Zonta Torres,LWB,30,81,2133,22000000,6.77197752863243,0.5704451719303832,1.2224585853023933,0.03163906178157125,4.563214314308283e-4
R. Ziegler,Reto Ziegler,CDM,36,68,1848,220000,5.912428140940101,-0.5700034860564368,-1.2059130305330341,0.006424663512552939,8.788156504696432e-5
É. Mendy,Édouard Mendy,GK,30,86,1225,51000000,7.138074901341704,0.5694952832718648,1.2049462759851135,0.006603443409183971,9.019851758462978e-5
Casemiro,Carlos Henrique Venancio Casimiro,CDM,30,89,2209,86000000,7.365047902985614,0.5694505533086257,1.209816389252436,0.014739966300761097,2.0464482825140664e-4
A. Juárez,Alex Juárez,CM,17,60,1627,500000,6.265417681556554,-0.5664468086324588,-1.2015397129651881,0.011629522937668857,1.5875763354013107e-4
D. Klaassen,Davy Klaassen,CAM,29,79,2126,17000000,6.6666719437990425,0.5637770031260548,1.1929960308292826,0.006850860120893217,9.175396682252074e-5
G. Xhaka,Granit Xhaka,CDM,29,79,1957,15000000,6.612765112552632,0.5633261754561372,1.1965786092304813,0.01436719822765679,1.950543443411963e-4
D. Szelągowski,Daniel Szelągowski,CF,19,62,1541,875000,6.5048222783464835,-0.5628137289879528,-1.3330988699174944,0.20734829149056902,0.004344692097494822
Flávio Triginho,Flávio Leôncio Trigo Sacramento,CF,26,64,1610,650000,6.372093174443007,-0.5591791496553503,-1.4735703443340735,0.35961972244297985,0.011396290764212648
Jadsinho Mei,Jadson José Meireles Correia,CDM,26,77,1784,10000000,6.441897543444127,0.5581024999854431,1.183315533894362,0.010753415971529097,1.4225228143410962e-4
J. Hernández,Javier Hernández,ST,34,79,1884,8500000,6.372629650255395,0.5567893265523599,1.1755589315477861,0.0023671370418537766,3.064486327047179e-5
J. Oblak,Jan Oblak,GK,29,89,1402,85500000,7.377018677631674,0.5549474421775682,1.1759550160823848,0.009624142346262073,1.2559132231249127e-4
C. Immobile,Ciro Immobile,ST,32,86,2060,55000000,7.187429898916249,0.5529327984742441,1.1697041957882874,0.006265510440838646,8.062215689151434e-5
W. Weghorst,Wout Weghorst,ST,29,79,1902,17500000,6.690367363172068,0.5526707103310529,1.1684037076801137,0.004996060770756336,6.406266295681485e-5
J. Vardy,Jamie Vardy,ST,35,85,2118,23000000,6.813640460499012,0.5480873944009955,1.1599229280623256,0.007068894478740186,8.951727871602392e-5
Pacheco,Fernando Pacheco Flores,GK,30,78,1290,10500000,6.475338356609012,0.5458509838223563,1.1526498793216091,0.002687800773378835,3.346393313154128e-5
J. Pavlenka,Jiří Pavlenka,GK,30,78,1059,9500000,6.437865465394579,0.5398581856095281,1.1453637868028395,0.012015250760874287,1.4910277153685838e-4
L. Hrádecký,Lukáš Hrádecký,GK,32,83,1195,18000000,6.717522003329567,0.5377505259012652,1.137716297022073,0.006491735255919398,7.90448348705365e-5
O. Giroud,Olivier Giroud,ST,35,82,1928,13000000,6.5771795366721255,0.5367638490419615,1.1357945390756794,0.006781685049463564,8.232062748767364e-5
K. Rocheteau,Kévin Rocheteau,CF,28,64,1649,600000,5.243542686015916,0.5346092881912177,1.1712650494604528,0.07351074639765282,0.0010172718731423379
Joselu,José Luis Sanmartín Mato,ST,32,80,1888,17000000,6.700750597483294,0.5296983494417071,1.1190996532328383,0.0036831578358917827,4.32689745737692e-5
Zubimendi,Martín Zubimendi Ibáñez,CM,23,79,1994,35000000,7.015111840982059,0.5289562157766056,1.1219458179719057,0.011507367993287854,1.3695016364374956e-4
R. Lukaku,Romelu Lukaku,ST,29,86,2034,68000000,7.304736166850599,0.5277727522423278,1.1160684763250786,0.005533858349512931,6.477925398890339e-5
K. Trapp,Kevin Trapp,GK,31,86,1252,36000000,7.0302617811905614,0.526040731640519,1.1120291503689812,0.004860059007630782,5.644246219522796e-5
S. Haller,Sébastien Haller,ST,28,82,1947,31000000,6.967793374312316,0.5235683335314553,1.1070601448178503,0.0053230222153034254,6.129638563883875e-5
A. Nübel,Alexander Nübel,GK,25,78,1212,17500000,6.72167705438967,0.5213610191135043,1.1027103727773697,0.0058957075546147986,6.739739735627976e-5
R. Kolo Muani,Randal Kolo Muani,ST,23,78,1829,22500000,6.833738171104069,0.5184443663092774,1.0959592896527628,0.004839270908992134,5.458731993051144e-5
Ederson,Ederson Santana de Moraes,GK,28,89,1583,88000000,7.426194032941488,0.5182886441435209,1.0992844174781882,0.011444633450704012,1.3074866267178493e-4
Alisson,Alisson Ramses Becker,GK,29,89,1437,79000000,7.379519170925761,0.5181079258621445,1.096209812848556,0.006584673132720595,7.444010174851836e-5
Neto,Norberto Murara Neto,GK,32,81,1323,13000000,6.597695163828985,0.5162482218851746,1.09091967627996,0.004114652411159805,4.595423948882113e-5
M. ter Stegen,Marc-André ter Stegen,GK,30,88,1443,68500000,7.321189599217889,0.5145009786146391,1.089204920295329,0.0077274526031713515,8.634571401959435e-5
C. Monschein,Christoph Monschein,CF,29,67,1664,1000000,6.51364726914434,-0.5136468348501203,-1.2045715972528157,0.19138508045671385,0.0032095769218010214
O. Vlachodimos,Odisseas Vlachodimos,GK,28,81,1258,22000000,6.83035711058354,0.5120655899793782,1.0833501038404119,0.0064464439121257626,7.116767979127543e-5
M. Halstenberg,Marcel Halstenberg,CB,30,78,2066,11500000,6.548898068149158,0.5117998099694818,1.0810047157980585,0.0031660552106676553,3.4687025925104736e-5
J. Clauss,Jonathan Clauss,RWB,29,80,2095,18500000,6.756146471986134,0.5110252798923137,1.0915636142468796,0.025314684349180352,2.892160676795268e-4
Anderson Talisca,Anderson Souza Conceição,CF,28,82,2152,31000000,6.982157332816093,0.5092043750276394,1.1103941553522398,0.06479316255243057,7.983476691454299e-4
Edgar Badia,Edgar Badia Guardiola,GK,30,80,1257,16000000,6.696271698130445,0.5078483116689366,1.0728735681091301,0.0035656533795683757,3.849494893118786e-5
Adriano Bisesi,Louri Adriano Bisesi Barbosa,ST,30,81,1904,25500000,6.898720872056442,0.5078193254086665,1.0746338797198889,0.006940782957841994,7.543460078986811e-5
A. Modeste,Anthony Modeste,ST,34,79,1878,8500000,6.421759880162079,0.5076590966456765,1.0718348972528757,0.0023773187676273764,2.5585453109386427e-5
D. Livaković,Dominik Livaković,GK,27,80,1319,20500000,6.807153995355109,0.5045998868857968,1.0664231470845087,0.004335720799810993,4.628323745918906e-5
M. Darmian,Matteo Darmian,RWB,32,80,1997,14500000,6.658809166296928,0.5025588658894435,1.084578033810372,0.045161274934020335,5.199648674853325e-4
P. Bočkaj,Petar Bočkaj,LM,25,71,2021,2200000,6.8443654763704025,-0.5019425981415576,-1.065140200917107,0.012419943780133464,1.333451099894703e-4
E. Cavani,Edinson Cavani,ST,35,81,2014,11000000,6.539660908859982,0.5017318157795504,1.0613890728390472,0.0062621924531928875,6.6346809605614e-5
M. Dmitrović,Marko Dmitrović,GK,30,80,1299,16000000,6.702413691090668,0.501706318708713,1.0605888511729675,0.004863212244586154,5.1374875200384746e-5
S. Kalajdžić,Saša Kalajdžić,ST,24,78,1829,20500000,6.810754627711588,0.5009992545292605,1.0581366789033058,0.0030614806933348484,3.2133860845729395e-5
H. Herrera,Héctor Herrera,CM,32,80,2123,16500000,6.717177423284552,0.5003065472502044,1.0584533435697983,0.00641119584428256,6.756036932469826e-5
J. Beauguel,Jean-David Beauguel,ST,30,77,1738,10500000,6.5215185808493,0.49967075958201385,1.0555262192259744,0.0034305384154576625,3.584338241829529e-5
P. Gulácsi,Péter Gulácsi,GK,32,85,1305,26500000,6.92418815054693,0.49905773977835843,1.0554412389659618,0.005714222697898038,5.983155299967786e-5
Marc Bartra,Marc Bartra Aregall,CB,31,81,2044,17500000,6.745210753138716,0.4978273203646989,1.0516215123922084,0.0034105509514418806,3.537067946395548e-5
José Sá,José Pedro Malheiro de Sá,GK,29,81,1337,20000000,6.8071562246739505,0.49387379270481047,1.043542226600407,0.0039304535924254225,4.015959159361847e-5
H. Vanaken,Hans Vanaken,CM,29,80,2009,20500000,6.8179972364155415,0.4937566458252693,1.0511259391776842,0.01871726873062057,1.969581919976986e-4
Fábio Ronaldo,Fábio Ronaldo Costa Conceição,ST,21,61,1571,725000,6.352307984071006,-0.4919693784735515,-1.041580870510344,0.007871538618650038,8.044405134755528e-5
M. Maignan,Mike Maignan,GK,26,87,1496,80000000,7.411440146883302,0.4916498455374011,1.040475444755184,0.007053387819285387,7.187068068022307e-5
N. Kanté,N'Golo Kanté,CDM,31,89,2154,72000000,7.3663784717655725,0.49095403069774424,1.0421336456469596,0.013010392572889464,1.3379530643564804e-4
A. Dixon,Ash Dixon,RWB,26,78,2033,17000000,6.740847947995861,0.48960099892920395,1.0503496666757963,0.033738798785875754,3.60013760683799e-4
Lucas Vázquez,Lucas Vázquez Iglesias,RB,31,81,2152,18500000,6.778466055677511,0.4887056962010038,1.0369045660571532,0.012140949312005751,1.2349559273360804e-4
Manu Trigueros,Manuel Trigueros Muñoz,CM,30,79,2042,17000000,6.743185154450352,0.4872637924746215,1.0316677628828477,0.007966548504483103,7.988032632093425e-5
A. Rüdiger,Antonio Rüdiger,CB,29,87,2011,73500000,7.379586403038008,0.4867009419552633,1.0287888763807072,0.004710073069886388,4.681087702829821e-5
J. Ledesma,Jeremías Conan Ledesma,GK,29,80,1266,17500000,6.757758788740239,0.48527928476293697,1.0251554852429983,0.003489725015630453,3.439577722884774e-5
B. Dost,Bas Dost,ST,33,76,1716,4800000,6.196656789234454,0.4845845386191285,1.0256464268156087,0.007292007187281839,7.221661608024545e-5
J. Vidales,Johnny Vidales,RW,30,65,1588,700000,5.360590782914218,0.4845078775203481,1.0356170733373116,0.02662309722521653,2.741524725841296e-4
M. Sels,Matz Sels,GK,30,79,1246,13000000,6.629885973176959,0.48405741253719536,1.0227833431754796,0.0038970833524350143,3.8248904290550336e-5
A. Laporte,Aymeric Laporte,CB,28,86,1962,64500000,7.326499294682427,0.48306042668636445,1.0203773319370473,0.0033123610755271585,3.233824349242418e-5
S. Mané,Sadio Mané,LM,30,89,2188,99500000,7.515360983105948,0.48246210200514966,1.0260787817343204,0.01679800675169232,1.6810964743535237e-4
J. Omlin,Jonas Omlin,GK,28,79,1358,15000000,6.6937512210554875,0.48234006695321296,1.0189159172021203,0.0034301588559293283,3.3396381149430204e-5
J. Shelvey,Jonjo Shelvey,CM,30,77,1984,10000000,6.518030951335911,0.4819690920934977,1.0245941822684845,0.015960887202942822,1.591346162348707e-4
Portu,Cristian Portugues Manzanera,RM,30,78,2103,13500000,6.6489090571109895,0.48142474355403614,1.0182145599272945,0.0058407343918850715,5.692543011806478e-5
M. Turner,Matt Turner,GK,28,77,1184,9500000,6.496487038263466,0.4812366127406392,1.0167820802742062,0.0038165778404983036,3.701747602323808e-5
Lucas Pérez,Lucas Pérez Martínez,CF,33,78,1959,9000000,6.473704229960223,0.48053832773399136,1.0642044309753806,0.09325807922935495,0.0010886019795703845
Ricardo Batista,Ricardo José Cecília Batista,GK,35,67,1141,110000,5.520946568674929,-0.47954993540294344,-1.0131006780371448,0.003585092354385365,3.451290894833517e-5
M. Icardi,Mauro Icardi,ST,29,77,1829,10500000,6.541824334650564,0.47936500578074637,1.01197773688878,0.0021425779097421615,2.0550683460464132e-5
M. Silvestri,Marco Silvestri,GK,31,79,1232,9500000,6.498461121475213,0.4792625295288951,1.0162536253792962,0.010944891793032875,1.0680987826364494e-4
J. García,Javier García,GK,35,73,1085,350000,6.023237216555445,-0.4791679313655103,-1.0131980992523133,0.005363226292173705,5.1732869078474644e-5
Andrei Girotto,Andrei Girotto,CB,30,78,1977,11500000,6.581621985950848,0.4790758921677834,1.0123896182999443,0.004156660454821276,3.998205524904797e-5
P. Neumann,Phil Neumann,RB,24,70,1717,2200000,6.821456283696071,-0.47903340546718204,-1.0177281242805671,0.014751453730967375,1.449335043909922e-4
K. Bellarabi,Karim Bellarabi,RM,32,79,1965,14000000,6.667158435157453,0.47896963154187505,1.0131970458179065,0.006184234360891631,5.970134418868763e-5
D. Zappacosta,Davide Zappacosta,LWB,30,79,2062,15000000,6.698044107803395,0.47804718020519343,1.0189783675464772,0.021210395685748104,2.1028368219082119e-4
G. Raspadori,Giacomo Raspadori,CAM,22,79,1869,36000000,7.079557321278896,0.47674519155221734,1.008037449044686,0.005288670421771361,5.049158391691518e-5
R. Ghezzal,Rachid Ghezzal,RW,30,79,1901,17000000,6.755018605820221,0.47543034110484583,1.032846827442416,0.057720585236900004,6.107156993054923e-4
Sergio Herrera,Sergio Herrera Pirón,GK,29,78,1234,11000000,6.566858084992626,0.47453463964696746,1.0024347234958833,0.003444726826263477,3.2462489463134406e-5
M. Antonio,Michail Antonio,ST,32,79,2103,14000000,6.671732315023199,0.4743957516760805,1.0028198213241624,0.004792779436805158,4.526223198247107e-5
Jordi Alba,Jordi Alba Ramos,LB,33,85,2218,28000000,6.973253802357894,0.4739042444950111,1.0058442285798634,0.012817392683767193,1.2276649977430415e-4
